"DistrictId","DistrictName","BlockId","BlockName","Year","SoilPh","ElectricalConductivity","OrganicCarbon","Phosphorous","Potassium","Sulphur","Zinc","Iron","Magnesium"
69,"Panchkula",527,"Barwala",2014,7.93881188118812,0.211188118811881,0.310861386138614,14.0855247524752,62.5217821782178,21.0709657338561,2.06874886725072,15.7070432404932,5.49402042686464
69,"Panchkula",527,"Barwala",2015,7.70042432222755,0.282273962029596,0.317047496790757,22.0100005830762,63.6721480530595,27.5691895158461,1.69936592980814,15.1941166064815,5.32081421740729
69,"Panchkula",527,"Barwala",2016,7.36363636363636,0.417575757575758,2.49909090909091,13.9736363636364,103.686363636364,66.8730303030303,1.61131124801955,9.71969696969697,4.62203599812399
69,"Panchkula",528,"Morni",2015,7.37730158730159,0.307910052910053,0.292195767195767,13.6796031746032,111.477751322751,49.3054040180581,6.90190476190476,16.0441005291005,8.0977976283194
69,"Panchkula",528,"Morni",2016,6.66814814814815,0.183703703703704,0.35962962962963,19.2018518518519,125.912777777778,17.6073399891292,2.15685185185185,13.8618518518519,4.13277777777778
69,"Panchkula",529,"Pinjore",2014,7.20523255813954,0.150290697674419,0.48203488372093,14.4367441860465,67.7361627906977,17.7045876641798,2.2796511627907,17.4967441860465,4.59781613881502
69,"Panchkula",529,"Pinjore",2015,7.16152892561983,0.251245522401055,0.344421487603306,21.1668407199024,75.2288636363636,26.326413083378,1.86427447821576,17.8295179063361,5.31027635142326
69,"Panchkula",529,"Pinjore",2016,7.13916768721752,0.167919150563015,0.300727508650047,19.9141915422886,72.8618407960199,15.5064653687535,1.89339552238806,15.0702035732564,5.00578554456867
69,"Panchkula",530,"Raipur Rani",2014,8.17222222222222,0.284722222222222,0.211111111111111,23.4225,47.3861111111111,18.6702777777778,2.71444444444444,32.7797222222222,9.14901044100509
69,"Panchkula",530,"Raipur Rani",2015,7.6373575625421,0.340312640312515,0.311909790315281,16.258804152255,70.7613202734724,35.4926200126057,1.69578466471101,14.6309701340616,5.68894988381207
69,"Panchkula",530,"Raipur Rani",2016,7.58571428571429,0.225714285714286,0.344642857142857,27.4828571428571,73.0875,53.1689285714286,1.88285714285714,13.5660714285714,4.44561385493185
70,"Ambala",447,"Ambala-I",2014,8.14131736526946,0.378314362433125,0.273473053892216,71.9165868263473,262.147185628743,473.54380501588,3.87796407185629,14.9295808383234,1.87285930242355
70,"Ambala",447,"Ambala-I",2015,8.0218955888348,0.434478633038999,0.342270693512304,30.5123959731544,258.22475302631,231.792412035138,9.47115277741601,43.8594372473483,5.8490107291411
70,"Ambala",447,"Ambala-I",2016,8.55794871794872,0.336102564102564,0.249692307692308,13.335757120132,60.9925128205128,75.8698974358974,2.29928205128205,7.43584615384615,5.75145215223257
70,"Ambala",448,"Ambala-Ii",2014,7.23846153846154,0.246923076923077,0.282307692307692,25.8973076923077,47.5030769230769,33.105,3.56076923076923,43.2073076923077,3.42576923076923
70,"Ambala",448,"Ambala-Ii",2015,7.45052726346768,0.76993502349955,0.442433221110985,57.9769362984037,110.361382686011,131.602394409672,7.6768754940525,30.7857236340175,6.4384598010532
70,"Ambala",449,"Barara",2015,7.78108711839166,0.397288532037477,0.313927773641102,20.5275912137007,203.065052122115,110.11129322194,5.85763568155689,46.6040878629933,7.94127269181112
70,"Ambala",450,"Naraingarh",2014,7.9125,0.17875,0.4875,7.47625,55.3104166666667,15.5325,1.89416666666667,18.2995833333333,1.0225
70,"Ambala",450,"Naraingarh",2015,7.74771929824561,0.380491228070175,0.262771929824561,17.1504912280702,107.380105263158,22.9789441341717,5.59485358310402,21.8024210526316,1.03347917127816
70,"Ambala",451,"Saha",2014,7.79659037558685,0.318103578947378,0.453480046948357,19.2905457746479,59.2966197183099,62.7235472511096,2.34472576986294,32.1645011737089,9.57383473585394
70,"Ambala",451,"Saha",2015,7.91808136614766,0.285806625393266,0.393420391762933,21.6489100954294,71.6587543947765,85.2309168446268,2.40861183800962,15.6845372540925,6.03687516333735
70,"Ambala",452,"Shahzadpur",2014,8.6,0.14,0.18,16,290,71.5763594129754,0.56,2.71,7.63
70,"Ambala",452,"Shahzadpur",2015,7.17363013242774,0.345261437908497,0.257254901960784,19.2254575163399,62.5965032679739,22.8668478354637,1.18737432146827,13.9051960784314,4.80719976349199
71,"Yamunanagar",560,"Bilaspur",2014,7.4876386913229,0.133004968181593,0.329181958683696,17.1456207150059,61.5905607193405,19.9201111756442,2.35391645972211,13.5233674904641,3.55455904268772
71,"Yamunanagar",560,"Bilaspur",2015,7.43281346165582,0.220351806591692,0.30619694108188,19.3996095702397,80.5459441395311,24.8491676823292,1.77994650842162,20.5752532169392,4.31127473314893
71,"Yamunanagar",560,"Bilaspur",2016,7.52258064516129,0.292258064516129,0.289677419354839,14.8864516129032,37.4783870967742,21.5967741935484,2.06677419354839,16.7303684056014,8.40042347188871
71,"Yamunanagar",561,"Chhachhrauli",2015,7.60515873015873,0.511865079365079,0.291170634920635,13.2635515873016,111.63253968254,26.7328373015873,3.89583333333333,20.0188492063492,26.2635205870559
71,"Yamunanagar",562,"Jagadhri",2015,7.70997017892644,0.429015904572565,0.291754390610972,17.0423359840954,174.516451292247,50.53784926383,2.82409867910999,32.2803479125249,8.82208717539989
71,"Yamunanagar",563,"Mustafabad",2014,7.45949895615866,0.485052192066806,0.29874739039666,8.11926931106472,47.947369519833,25.7444676409186,5.90720250521921,19.7123382045929,28.5334655532359
71,"Yamunanagar",563,"Mustafabad",2015,7.45455653368557,0.530761829437735,0.328705067889489,16.0522198647394,104.633311231932,25.4899270653759,4.52300488178676,19.0547493292126,23.6484552375945
71,"Yamunanagar",563,"Mustafabad",2016,7.38207282913165,0.416694677871148,0.298179271708683,11.9708403361345,47.7693837535014,24.8540616246499,3.07969320586466,19.3889166471333,18.2493478653728
71,"Yamunanagar",564,"Radaur",2014,7.47827050997783,0.483481152993348,0.29629711751663,7.89325942350333,47.729800443459,25.0917960088692,3.39578713968958,17.5461197339246,24.9479316805723
71,"Yamunanagar",564,"Radaur",2015,7.49079563182527,0.510820592823713,0.290506227294015,15.8419188767551,108.099872074883,28.976344773791,3.56366821703349,20.5868268330733,23.8248896764557
71,"Yamunanagar",564,"Radaur",2016,7.45457364341085,0.486093023255814,0.299503875968992,8.25809302325581,51.6397984496124,26.3136434108527,4.01520930232558,20.3272713178295,35.1629258727722
71,"Yamunanagar",565,"Sadaura (Part)",2014,7.45223880597015,0.486741293532338,0.296616915422886,8.21139303482587,48.5135820895522,24.6674129353234,4.01084577114428,19.1083084577114,26.906592039801
71,"Yamunanagar",565,"Sadaura (Part)",2015,7.45061500615006,0.55190036900369,0.298733087330873,11.8912115621156,84.5492066420664,23.7790159901599,4.07752767527675,18.7489729397294,29.2359778597786
71,"Yamunanagar",565,"Sadaura (Part)",2016,7.46191646191646,0.488820638820639,0.294692874692875,8.05068796068796,47.6381572481572,26.0884520884521,4.43292383292383,15.489828009828,20.9671260824733
72,"Kurukshetra",517,"Babain",2014,7.8,0.41,0.36,6.6,260,47.4,1,11.1,4.52
72,"Kurukshetra",517,"Babain",2015,7.99672762622233,0.330128267849885,0.352716791897926,7.12414728682171,129.704236918605,52.9429626937984,5.07613046084527,17.4091248415204,8.86287041699078
72,"Kurukshetra",517,"Babain",2016,8.25139811600349,0.3141787761349,1.44241650294695,7.54791748526523,74.2555992141454,61.3313752455796,2.12161100196464,11.1482711198428,4.38982073035828
72,"Kurukshetra",518,"Ladwa",2014,7.95447824510733,0.425178436857381,0.534305007984568,14.6065760981563,102.337943868828,29.4427839060225,5.80636308633757,22.6387743506975,8.17139253205177
72,"Kurukshetra",518,"Ladwa",2015,7.80006128591166,0.488460012859278,0.769931950540849,14.8445410199143,159.577374480333,65.8508611189082,5.04957937970288,27.4667000379579,10.6078981967662
72,"Kurukshetra",519,"Pehowa",2013,7.93055786471754,0.520871963416465,0.743309505457564,27.2791490721156,148.612561406225,82.6185092565766,5.10751428494359,21.4366050848252,23.1968137877228
72,"Kurukshetra",519,"Pehowa",2014,7.9367744885396,0.51289569965702,0.466040413695074,22.856649923449,159.988295258542,67.0139262135824,9.0481766811258,26.8157293161959,8.89061598722848
72,"Kurukshetra",519,"Pehowa",2015,7.90241000958753,0.492779732428445,0.447295647940115,7.23557432918223,206.279263898083,64.3890476784126,3.88662869447594,23.3546227855023,7.46144439102208
72,"Kurukshetra",519,"Pehowa",2016,7.62984200987192,0.611672010757771,0.379337443229137,6.93267973856209,320.402336359387,92.3951158645276,5.36219045892412,20.1722800628617,6.16721683879409
72,"Kurukshetra",520,"Shahbad",2014,8.24910714285714,0.360522308270821,0.307232142857143,6.426875,18.3940178571429,51.6819642857143,1.84008928571429,2.68026785714286,1.34633928571429
72,"Kurukshetra",520,"Shahbad",2015,7.79620405887329,0.445302124168943,0.389847717157965,5.08161512369089,159.079268202869,56.5268548492257,3.51829320485894,17.1027763410701,7.40705551925989
72,"Kurukshetra",520,"Shahbad",2016,7.8360183639399,0.411704918724257,0.943238731218698,8.47277469778591,83.162876693276,48.154219897873,2.5409265442404,12.1760183639399,5.06738914436357
72,"Kurukshetra",521,"Thanesar",2014,7.79892960815578,0.462135870434622,4.45494589409066,12.6211446223985,1007.9467846353,99.5444920999356,64.7752047650677,20.2423042970566,38.0264177937151
72,"Kurukshetra",521,"Thanesar",2015,7.82528791659364,0.466882811823735,1.65781657854805,7.94259410706629,400.621431537428,69.6324875082308,12.2450435878183,17.5265273208096,16.4870040286693
72,"Kurukshetra",521,"Thanesar",2016,7.77537423438375,0.532768027582144,0.403811846689895,6.39198606271777,266.624236933798,66.0066012761512,5.26154355400697,18.0785226480836,6.03859091975277
72,"Kurukshetra",6733,"Ismailabad",2015,7.90218150124034,0.432538611267471,0.353949394939494,4.01603740374037,192.811373397766,72.4501610114554,3.15295333295765,12.7383872387239,24.1466082960312
72,"Kurukshetra",6733,"Ismailabad",2016,7.92053424657534,0.437330124873961,0.361287671232877,8.0672602739726,90.7424383561644,68.7459726027397,2.11318678893593,7.59042465753425,3.34544649272666
73,"Kaithal",505,"Guhla",2014,8.41073446327684,0.815802243235389,0.893559322033898,126.762711864407,31.0338983050847,71.5763594129754,1.69327683615819,4.45757062146893,3.36371122254454
73,"Kaithal",505,"Guhla",2015,8.12058350458687,0.508956968920866,0.34486646884273,18.0924629080119,317.759910979228,98.517961957586,1.94342702307706,14.3065742117127,5.96803783902779
73,"Kaithal",506,"Kaithal",2014,8.28427184466019,0.741732995401281,0.683398058252427,64.8497087378641,72.8800970873786,113.099389275194,4.27042010858879,9.97922330097087,6.88577077568075
73,"Kaithal",506,"Kaithal",2015,8.15790562352389,0.605095456540212,0.493242825188756,18.1068324659077,178.618437265414,213.979827870654,5.34086230335747,16.4699122054177,8.93496901158431
73,"Kaithal",507,"Kalayat",2015,8.12678571428571,0.189464285714286,0.295980659904252,21.4110714285714,100.398928571429,28.71125,1.04553571428571,12.9189285714286,4.96375
73,"Kaithal",508,"Pundri",2015,8.06055468771578,0.341712297112127,0.436758804009514,13.9471659623035,113.648176505485,38.4820083656183,3.20021816599636,13.1492205128205,5.87893365699143
73,"Kaithal",509,"Rajound",2015,7.90571428571429,0.612857142857143,0.345714285714286,10.7754285714286,125.398285714286,266.814571428571,4.33,8.236,6.99457142857143
73,"Kaithal",510,"Siwan",2015,7.84,0.53,0.27,38,0.67,40.52,54.9,7.8,0.93
74,"Karnal",511,"Gharaunda (Part)",2014,8.13941159431445,0.310128529691877,0.365481091431307,12.5987046854703,105.747522566975,28.6607937560928,2.937705113945,16.6916729016718,2.55136983141848
74,"Karnal",511,"Gharaunda (Part)",2015,8.16323848415445,0.393204071285397,0.33588582856104,10.3334249773562,188.560801977737,36.7648282118815,2.29086718617903,11.4004170300587,5.38545104340034
74,"Karnal",511,"Gharaunda (Part)",2016,7.96476683937824,0.411088082901554,0.530932642487047,17.0860621761658,328.969792746114,123.889170984456,7.17642487046632,101.881865284974,2.26884716841831
74,"Karnal",512,"Indri",2014,8.2318747763864,0.248653666208467,0.396661896243292,10.8315599284436,120.049155635063,50.5187994690128,3.89515192383108,23.4546118067979,3.43814859985511
74,"Karnal",512,"Indri",2015,7.81414157637044,0.324299656422918,0.394334220652875,25.5585072482313,132.110000512262,37.4427153350178,5.41189774293535,14.8754828542258,5.50052381055877
74,"Karnal",513,"Karnal",2014,8.275,0.299318181818182,0.450681818181818,5.2025,38.1418181818182,26.4245454545455,1.30136363636364,10.8697727272727,3.9225
74,"Karnal",513,"Karnal",2015,8.15504112658249,0.538511419540329,0.336677709394236,7.68196653909562,149.579740614506,56.765484389881,2.4527428013701,36.4261766798872,19.949251006719
74,"Karnal",513,"Karnal",2016,7.96448360655738,0.411997538567757,0.438704918032787,3.57996721311475,225.851655737705,17.7228382941196,1.63852711863818,61.2075975027159,21.3317628124043
74,"Karnal",514,"Nilokheri",2015,8.09175209371238,0.383019821151876,0.352497481593732,6.42292993231422,238.471645664662,22.026412189211,4.8282322933801,30.7994079718883,10.3659822212764
74,"Karnal",514,"Nilokheri",2016,7.99868421052632,0.385438596491228,0.378201754385965,7.8365350877193,109.962894736842,31.7037838544998,1.1735813261811,80.1848290293612,7.62120340296572
74,"Karnal",515,"Nilokheri",2015,8.09175209371238,0.383019821151876,0.352497481593732,6.42292993231422,238.471645664662,22.026412189211,4.8282322933801,30.7994079718883,10.3659822212764
74,"Karnal",515,"Nilokheri",2016,7.99868421052632,0.385438596491228,0.378201754385965,7.8365350877193,109.962894736842,31.7037838544998,1.1735813261811,80.1848290293612,7.62120340296572
74,"Karnal",516,"Nissing At Chirao",2015,8.23422481871309,0.499638741776874,0.334681011577806,6.44544543437088,178.421078668433,28.7056824568661,2.37583415517917,26.2792477497478,6.27068356470154
74,"Karnal",516,"Nissing At Chirao",2016,7.96696428571429,0.401517857142857,0.707142857142857,17.4847321428571,164.202053571429,77.8364285714286,3.09428571428571,50.7380357142857,2.52504188788237
75,"Panipat",531,"Bapoli",2015,7.89932160683541,0.65926296816899,0.422436252926105,22.3363449803704,341.049297451521,65.4085477834059,1.97104030286548,10.0759371304128,13.6592295519395
75,"Panipat",531,"Bapoli",2016,8.01666666666667,1.1125,0.323888888888889,5.60416666666667,175.716388888889,9.76583333333333,0.421111111111111,8.125,0.720833333333333
75,"Panipat",532,"Israna",2014,7.90486111111111,0.80752429532175,0.321735534407209,16.8480555555556,305.492013888889,85.2267929146284,1.24409722222222,6.17493055555556,4.81263888888889
75,"Panipat",532,"Israna",2015,8.01331985211325,0.59384407813829,0.479404784721146,17.2911196798018,378.46784994509,86.2817678767887,3.01615435179407,17.8397724952761,15.0639639753449
75,"Panipat",533,"Madlauda",2015,7.9530291848373,0.623100783135996,0.342405233143241,21.8707648440121,386.504992627713,77.3768196271987,2.25668834112849,13.944328108394,13.2963217594072
75,"Panipat",534,"Panipat",2014,7.50189873417721,0.286772151898734,0.298338344793159,13.5582911392405,270.291139240506,61.7101783525727,1.73955696202532,5.51996835443038,4.44240506329114
75,"Panipat",534,"Panipat",2015,7.89390826680626,0.633385150577832,0.48064798523638,13.5758048748879,463.758256238228,76.4729328417274,1.54581675630502,10.5895153196263,5.75450816892527
75,"Panipat",535,"Samalkha",2015,7.81643783445226,0.65804544096118,0.426431352019554,36.4181649576016,334.510313858696,77.3902154064123,2.61277707258366,34.3382016799847,27.8727769223719
76,"Sonipat",553,"Gannaur",2014,7.58632478632479,0.500337518669433,1.82512820512821,25.0144017094017,317.87094017094,134.470641025641,1.01320512820513,8.64970085470086,7.29320512820513
76,"Sonipat",553,"Gannaur",2015,7.71440144744179,0.590813724378293,0.899371971886899,15.4947122602536,265.302558699701,73.1628933194093,1.1426224276704,6.46160595354908,6.00898844533598
76,"Sonipat",554,"Gohana",2015,7.77338031706192,0.957541078853484,0.502012753134726,8.95404691562473,236.425916497483,136.092153219233,1.12634833752549,5.34190859536421,2.19712219432362
76,"Sonipat",555,"Kathura",2015,7.6429418201805,1.03283773163483,0.459580605092661,11.2524893651959,242.588539226212,135.539008278174,0.979212275670625,4.56443208628024,2.01751652684958
76,"Sonipat",556,"Kharkhoda",2013,7.7625,0.692312315791493,0.43125,13.6225,209,81.58375,0.6675,6.6625,2.4125
76,"Sonipat",556,"Kharkhoda",2014,7.64758883608316,0.645729578301704,2.71361135369387,19.8221384439118,237.417408770975,104.644533429063,2.186989697724,7.16481517908947,6.05846316337668
76,"Sonipat",556,"Kharkhoda",2015,7.61290452573309,0.705715177728075,1.81134426229508,13.7969049180328,263.887074290338,110.207275102542,2.79058129850531,9.34627170624766,7.9845894143877
76,"Sonipat",556,"Kharkhoda",2016,7.64588957055215,0.763785257991803,1.21200894771361,12.8006748466258,228.962331288344,68.0871444117759,1.96129837786701,7.8171472392638,7.43118769306163
76,"Sonipat",557,"Mundlana",2014,8.619,0.887924926316597,0.587,24.995,465.31,48.1255,1.4645,33.34,6.42
76,"Sonipat",557,"Mundlana",2015,7.75380296930043,0.818372795783929,0.467184130376907,11.2451802562731,278.690734947993,139.868111597016,1.24553961054832,5.53979073444509,2.37782854857758
76,"Sonipat",558,"Rai",2014,7.48054185557767,0.330383572031559,0.509169082125604,11.2748115942029,223.765314009662,96.3644242301825,0.957185065091102,2.21396845004467,2.46627475930066
76,"Sonipat",558,"Rai",2015,7.51589431994566,0.602061124142749,0.506467242014453,13.0815373352855,211.785505124451,84.9887262079063,1.13876520584527,2.97657393850659,2.97950013758279
76,"Sonipat",558,"Rai",2016,7.58683842099822,1.0282856675026,0.34452380952381,11.7063492063492,211.361111111111,81.7292857142857,0.695238095238095,3.37253968253968,1.70952380952381
76,"Sonipat",559,"Sonipat",2014,7.69618110236221,0.637153531703401,0.608267716535433,11.1405118110236,222.791732283465,102.522590435625,2.17929133858268,7.95003937007874,4.33070866141732
76,"Sonipat",559,"Sonipat",2015,7.51924731182796,0.873655913978495,0.405992930628165,12.8830107526882,170.238602150538,61.9597849462366,1.22774193548387,3.67956989247312,3.14956989247312
76,"Sonipat",6778,"Murthal",2015,7.70630372492837,0.483381088825215,0.612520538162041,13.7208595988539,241.231518624642,59.6192550143266,2.030888252149,5.78853868194842,5.75890311730112
77,"Jind",498,"Alewa",2015,7.92853587899429,0.465087358684481,0.292682425488181,10.6607245632066,456.251798561151,134.337101747174,1.79686704582973,12.9310739979445,4.74105538169618
77,"Jind",499,"Jind",2014,7.95666666666667,0.508283284211065,0.312,4.00733333333333,179.433333333333,41.9223333333333,0.978,10.9383333333333,7.90823959793639
77,"Jind",499,"Jind",2015,7.91976069283908,0.556958210463594,0.381545825434567,13.8161930492169,443.510287293113,168.958340916,2.58897110134935,12.7710635407428,6.47976403935775
77,"Jind",500,"Julana",2014,7.99857142857143,0.398571428571429,0.297142857142857,2.63571428571429,156.071428571429,78.7142857142857,0.823571428571429,3,11.3028571428571
77,"Jind",500,"Julana",2015,7.9535528246066,0.501107167453904,0.347919253005546,12.9427044794374,429.49526677878,126.327783015836,2.35602110284757,12.2107545103842,5.12390862855385
77,"Jind",500,"Julana",2016,8.2,1.89,0.3,4.17,78.5,3.58,0.48,2.14,0.32
77,"Jind",501,"Narwana",2014,7.91611570247934,0.53783539741919,0.36236914600551,22.3005509641873,437.432358254612,400.975895316804,2.25830102254723,11.4149499626696,5.29148588395643
77,"Jind",501,"Narwana",2015,7.82355356732426,0.626093646684785,0.276223314062351,17.4277705256005,374.792818795559,330.892974438427,2.95907854984894,10.8461178247734,5.14689718986474
77,"Jind",501,"Narwana",2016,7.92134831460674,0.580786516853933,0.277191011235955,27.152808988764,494.101123595506,362.61797752809,2.04239630544545,12.503595505618,4.48865168539326
77,"Jind",502,"Pillukhera",2015,8.1,0.54,0.24,1.1,13.87,53.43,0.51,3.38,0.44
77,"Jind",503,"Safidon",2014,8.03416410457752,1.254,0.554,25.56,334.46,57.91,1.3,40.24,5.66
77,"Jind",503,"Safidon",2015,7.92122469982847,0.465543739279588,0.301457975986278,12.2801372212693,457.91423670669,129.281169811321,1.88973241852487,13.6151252144082,4.79739623603357
77,"Jind",504,"Uchana",2015,7.93358041571668,0.627822673194628,0.259941860465116,23.2275,458.641926910299,398.567026578073,2.21676079734219,13.6299169435216,5.2817597722353
77,"Jind",504,"Uchana",2016,7.9,0.76,0.21,7.5,475,390,1.89,7.45,3.43
78,"Fatehabad",469,"Bhattu Kalan",2015,8.04224946288602,0.784971098265896,0.327168977326105,8.53027998554913,122.557556900289,46.1581294284485,0.980481843023507,7.25548332917031,3.06516585181836
78,"Fatehabad",470,"Bhattu Kalan",2015,8.04224946288602,0.784971098265896,0.327168977326105,8.53027998554913,122.557556900289,46.1581294284485,0.980481843023507,7.25548332917031,3.06516585181836
78,"Fatehabad",471,"Fatehabad",2014,8.2731044525743,0.407739211327832,0.299022842639594,4.35902284263959,165.753197969543,71.5763594129754,1.16593398861815,13.9348236277847,4.65020583115172
78,"Fatehabad",471,"Fatehabad",2015,7.92255000544229,0.660039094997894,0.45066991227933,10.9737721325064,121.573257135099,70.0624035474267,1.59553691166432,7.45911795541909,4.79152982428833
78,"Fatehabad",472,"Jakhal",2015,8.05068205817949,0.486248428411975,0.430946275632778,12.858962319088,155.926512382734,69.6634407276247,2.63347418690898,2.87184804508705,3.09369125374109
78,"Fatehabad",473,"Ratia",2015,7.67156619695397,1.23776630953693,0.345146399551695,24.6366514816915,298.315874341051,59.0931173020285,2.96693978630047,10.9762723537237,6.26697874883944
78,"Fatehabad",474,"Tohana",2014,8.16719831608935,1.03807469877673,0.389188191881919,4.41018450184502,168.537029520295,78.5505428593411,2.65314860215736,12.3922411283994,5.30413630882088
78,"Fatehabad",474,"Tohana",2015,8.00656342503792,0.771071398619315,0.37483278279217,15.5308440446698,119.764704431565,68.5377380537121,1.88307153460555,9.28896835975769,6.30530509732743
79,"Sirsa",546,"Baragudha",2014,8.28576404988728,0.66659840972527,0.38473731484157,7.079343832021,173.797375328084,84.780157480315,3.018905734222,4.19084953516566,4.32059795031857
79,"Sirsa",546,"Baragudha",2015,8.11221072948339,0.567504854992603,0.340864204827419,6.05114838381518,227.812582877543,104.599326928593,3.15095565716099,6.99994323369743,13.456689043445
79,"Sirsa",547,"Dabwali",2014,8.28547132015705,0.45955382410873,0.405330444245092,5.46064332685351,199.158814703323,86.360043611483,1.68427095405734,4.93676818285152,6.85445943423572
79,"Sirsa",547,"Dabwali",2015,8.09459875128132,0.518147895400295,0.467259329156544,5.88622033015214,211.295230446064,101.470954411839,2.93767915880111,5.80672139128061,10.5827736378578
79,"Sirsa",548,"Ellenabad",2015,8.0111370848324,0.635050165461383,0.394692855958337,6.26002948441863,219.05642739702,94.9287855660841,3.06328971511885,5.89428174962873,11.9070191470326
79,"Sirsa",549,"Nathusari Chopta",2014,7.90480547015258,0.599328328421107,0.362533333333333,5.87133333333333,214.866666666667,102.727466666667,3.40484423728215,10.0919333333333,6.75762395979364
79,"Sirsa",549,"Nathusari Chopta",2015,7.95128371296486,0.602784688499361,0.560032399157622,5.94517738538798,212.67155191965,102.058862640246,2.10178354342361,5.14821275648732,11.254436053582
79,"Sirsa",550,"Odhan",2015,8.34967562494577,0.478150684931507,0.269931506849315,9.29414383561644,220.114726027397,35.1845547945206,0.613767123287671,2.77178082191781,3.05226671020862
79,"Sirsa",551,"Rania",2015,8.25967569104381,0.43712982832618,0.277070815450644,13.8945834934905,264.450627682403,40.6555561822354,0.825721602767074,4.49635879032338,2.99626294549582
79,"Sirsa",552,"Sirsa",2015,8.28843425423213,0.410662393162393,0.259273504273504,13.5745784728597,281.750427350427,29.9265966553777,0.454059430670803,5.70636752136752,2.65825454621485
80,"Hisar",484,"Adampur",2014,7.59614041577553,1.05487625079048,0.41291206150889,20.1633026070631,470.828889956752,103.569536933884,4.97554837552963,8.50149672830008,8.25967279930652
80,"Hisar",484,"Adampur",2015,7.6561554353287,0.82709593914693,0.368210503140441,18.210380076873,527.806966229724,70.07372640978,2.26340251545898,6.86352117224877,8.75805333012925
80,"Hisar",484,"Adampur",2016,7.77418725881008,0.977979381443299,0.260865636926343,23.9820618556701,474.240824742268,95.7913608247423,4.0497387034735,27.8155051546392,12.1249194632793
80,"Hisar",485,"Agroha",2014,7.55611111111111,0.576752753216644,0.450888888888889,17.0272222222222,519.094444444444,91.9626666666667,2.16666666666667,4.50972222222222,5.29080208820102
80,"Hisar",485,"Agroha",2015,7.49626845218147,0.924097664664719,0.419336460682365,30.5530339362856,573.630796905222,82.2286773212007,2.39357819230479,10.9267203239415,20.3131513559989
80,"Hisar",485,"Agroha",2016,7.66363636363636,0.411818181818182,0.289090909090909,12.9090909090909,536.636363636364,81.51,0.278181818181818,8.65272727272727,8.77312507965303
80,"Hisar",486,"Barwala",2014,7.59333333333333,0.73254754887295,0.29952380952381,22.4892857142857,364.571428571429,24.7702380952381,0.387619047619048,4.41166666666667,14.4954761904762
80,"Hisar",486,"Barwala",2015,7.53650198835331,1.06674253844222,0.36384347515128,18.569966912446,482.525732390933,93.382395437294,1.3712083097521,12.2512733005186,8.61575387146917
80,"Hisar",487,"Hansi-I",2014,7.59529642458381,1.25993466555441,0.419055062719896,12.8022655201638,439.693166890105,91.5153594147526,5.29014306286555,9.90056245459684,10.0482003039828
80,"Hisar",487,"Hansi-I",2015,7.54446611639204,1.40125791863159,0.369812709091847,44.0017267582246,299.115982429785,133.633232098334,3.97729603889084,9.41364326446248,7.70141172629102
80,"Hisar",487,"Hansi-I",2016,7.66394812680115,1.76236596875502,0.35135446685879,11.0338040345821,460.670144092219,90.190288184438,6.57139271234768,5.61123154408137,17.5452737752161
80,"Hisar",488,"Hansi-Ii",2014,7.93,0.63,0.41,13.2,130,29,4.47,10.05,13.8
80,"Hisar",488,"Hansi-Ii",2015,7.83082052288759,0.73,0.38,20.28,618,41.21,9.85,6.37,9.53
80,"Hisar",489,"Hisar-I",2015,7.32065732758621,1.8682650862069,0.344849137931034,17.1331034482759,319.975506465517,125.500778791838,1.06728740500695,5.43864619924366,5.18343480981114
80,"Hisar",490,"Hisar-Ii",2015,7.46700201398516,1.55633577772461,0.378410397215343,27.3763408047222,450.759155137885,126.936617656065,2.84462429494715,8.67879875247842,6.04082098127714
80,"Hisar",491,"Narnaund",2014,7.68666666666667,1.04716666666667,0.3215,4.12,414.15,80.1248333333333,5.11166666666667,24.9786666666667,9.77066666666667
80,"Hisar",491,"Narnaund",2015,7.44150862405816,1.07200930687281,0.37761355443403,15.3624955750895,473.036043325774,127.742022665935,4.56948796939721,12.3714878679871,6.49813198797333
80,"Hisar",492,"Uklana",2015,7.52846550827778,1.24838641944966,0.361484771573604,16.6465101522843,435.822335025381,84.3220939086294,1.57944162436548,21.5566924782971,10.2457035226855
81,"Bhiwani",453,"Badhra",2013,7.5,1.22714285714286,0.38,13.4385714285714,566.271428571429,27.0735714285714,5.30142857142857,12.3107142857143,45.6342857142857
81,"Bhiwani",453,"Badhra",2014,8.18818242502736,0.547003877772163,0.378058252427184,17.638640776699,176.532737864078,18.5442841930349,2.24849178870805,9.0448932038835,14.5860970873786
81,"Bhiwani",453,"Badhra",2015,8.03810534416614,0.351534154046888,1.23068382463051,11.760851218625,106.583241939923,20.0543175984863,3.33090544480527,7.21359484333657,4.89469750570942
81,"Bhiwani",453,"Badhra",2016,7.31733550032236,0.504626739807492,0.406478873239437,120.736901408451,44.6147887323944,19.7367605633803,3.12845070422535,2.77549295774648,13.0009463089872
81,"Bhiwani",454,"Bawani Khera",2013,7.46785714285714,1.3194387755102,0.548826530612245,13.3710714285714,419.701898432899,24.9922263235356,3.50688775510204,10.6490306122449,43.7326020408163
81,"Bhiwani",454,"Bawani Khera",2014,7.60300077175906,0.881958400797427,0.360395615119809,28.3716440184813,119.984322261915,16.1126484203414,2.19800682092566,6.20922715305799,10.9668578849413
81,"Bhiwani",454,"Bawani Khera",2015,7.48195334373271,0.954477305478123,0.457077787128387,64.1267714165668,139.727522531381,19.2107500267358,2.30761878903698,8.7235759110761,16.4597306875433
81,"Bhiwani",454,"Bawani Khera",2016,7.43292490118577,0.554110671936759,0.388458498023715,84.0845059288538,39.524743083004,16.5282716159128,1.90886668452429,1.82407114624506,8.19534214946354
81,"Bhiwani",456,"Bhiwani",2015,7.66838709677419,0.704516129032258,0.26258064516129,25.3912903225806,277.664193548387,59.7609677419355,1.12870967741935,19.0964516129032,2.43064516129032
81,"Bhiwani",457,"Dadri-I",2016,8.135,1.07,0.29,1.63,28.9,17.025,0.495,4.58,0.545
81,"Bhiwani",459,"Kairu",2015,7.54823154684167,1.15755300797473,0.363330816807215,16.9106679992049,375.376004220373,109.9658539305,2.29312377995701,6.21299008782174,6.82082387691187
81,"Bhiwani",460,"Loharu",2015,7.1802735076292,0.126666666666667,0.196666666666667,5,91.3333333333333,16.6666666666667,3.42327118464531,13.4236728981173,9.15718793809168
81,"Bhiwani",461,"Siwani",2015,7.76704126478811,0.708401412563899,0.372382321930295,9.66818425312881,299.161404096006,141.502492608071,2.3628746124121,6.78560710818974,4.30856520230403
81,"Bhiwani",462,"Tosham",2015,8.1513853118627,0.973386804478061,0.351794321168951,9.97748351683094,167.579282853688,57.8988726338243,1.46585742743251,8.18583291754483,6.40522484815758
82,"Rohtak",541,"Kalanaur",2014,8.17916666666667,0.529270833333333,0.295,7.3265625,127.135416666667,10.4378125,3.42327118464531,13.4236728981173,9.15718793809168
82,"Rohtak",541,"Kalanaur",2015,7.71031035967645,0.923063185098063,0.334319179897533,13.3556440471353,299.044331572532,82.9718351724555,1.81068921961689,5.20755276139628,3.72349896249489
82,"Rohtak",541,"Kalanaur",2016,8.55666666666667,0.203333333333333,0.286666666666667,3.38333333333333,49.1333333333333,3.31333333333333,0.663333333333333,0.393333333333333,0.38
82,"Rohtak",542,"Lakhan Majra",2014,7.78492454217248,0.792103961236501,0.84784126984127,22.8504761904762,160.007095238095,213.479715380119,2.15196795802212,9.78460317460318,9.97980506021919
82,"Rohtak",542,"Lakhan Majra",2015,7.47019559186988,1.06618936870904,0.462468874689636,71.1465822072239,98.4859981768459,147.58311465254,1.91511991100209,10.6206294524587,6.0370098179895
82,"Rohtak",542,"Lakhan Majra",2016,8.18571428571429,1.0252380952381,0.271904761904762,3.89047619047619,47.92,3.65190476190476,0.457142857142857,0.480952380952381,0.559047619047619
82,"Rohtak",543,"Maham",2014,7.51,0.826666666666667,2.56333333333333,13.0766666666667,33.3033333333333,348.866666666667,0.216666666666667,4.35333333333333,0.303333333333333
82,"Rohtak",543,"Maham",2015,7.52378423321806,0.676509902698419,0.359124767496718,13.9701584728975,165.591658562939,39.9009453428723,1.87875778247113,9.36556048006415,5.13365343625835
82,"Rohtak",543,"Maham",2016,1,1,1,1,1,1,1,1,1
82,"Rohtak",544,"Rohtak",2015,7.60850225573686,0.75401550768313,0.383506803533063,12.3600668417283,170.935383146336,45.6494348704628,2.38436822831976,8.14710130002297,3.9400914637497
82,"Rohtak",544,"Rohtak",2016,8.236,0.556,0.292,1.8,45.22,9.692,0.42,3.216,1.46
82,"Rohtak",545,"Sampla",2015,7.49097048222295,0.733537798999235,0.363883161512027,12.6150744558992,208.99686139748,131.317073758528,0.911779020319108,4.37852233676976,4.2271814236949
83,"Jhajjar",493,"Bahadurgarh",2014,7.66526918482208,1.01108063723834,0.366993727598566,8.5844041218638,268.412627323341,54.2103372396174,2.24431899641577,8.33267189645973,7.71932557860342
83,"Jhajjar",493,"Bahadurgarh",2015,7.74528968482999,1.14661520623897,0.425291562730801,8.0682118832022,293.359147946449,78.6368926477269,2.239727579002,8.24264178484144,8.68329596609397
83,"Jhajjar",493,"Bahadurgarh",2016,8.05734513274336,1.40237609315338,0.296106194690266,9.7387610619469,341.655505246444,87.6723008849557,1.86365726712075,9.04088495575221,10.0319856272229
83,"Jhajjar",494,"Beri",2014,7.7,0.72,0.36,5.7,312,79.56,0.87,4.3,2.76
83,"Jhajjar",494,"Beri",2015,7.68199626747749,1.1754651805464,0.29352821821088,45.4042405063291,352.993037974684,28.8194303797468,2.54851265822785,7.70367088607595,8.75881131606387
83,"Jhajjar",494,"Beri",2016,8.22465437788019,1.35915666844546,0.32852534562212,7.7566390844451,352.496082949309,76.1300230414747,1.57039170506912,6.99377880184332,7.97514833151194
83,"Jhajjar",495,"Jhajjar",2014,7.88782016669043,0.566664577581158,0.541406630086387,12.5168030764789,257.452076843198,48.2443018887082,1.47177570093458,7.66845275181724,5.43290661196159
83,"Jhajjar",495,"Jhajjar",2015,7.72054413138548,0.872091563612549,0.455440925326389,7.7790361574248,267.819667013528,57.5751437874157,1.56872178521574,6.36953885166395,5.96983481296264
83,"Jhajjar",495,"Jhajjar",2016,7.76079121064516,1.03124527555693,0.348555703046408,16.5820116249684,346.057791256002,54.4898541114041,1.33091230730351,6.44958049027041,5.92044115191881
83,"Jhajjar",496,"Matannail",2015,7.64946524064171,0.891355607092684,0.42048128342246,9.50470588235294,270.208556149733,72.6902941176471,2.74922459893048,10.3151336898396,8.25374749682961
83,"Jhajjar",496,"Matannail",2016,7.86156312539854,1.0345750706034,0.304649390243902,30.7728516483607,250.279016768293,53.2068368902439,2.2205690109522,6.79276676829268,8.03973228029906
83,"Jhajjar",497,"Salhawas",2016,7.89118438761777,1.03933646978824,0.276917900403769,52.3068775235532,260.771197846568,46.6554777927322,2.59764468371467,7.54475100942127,7.34412307294104
84,"Mahendragarh",522,"Ateli Nangal",2014,7.79301313258675,0.314427809310535,0.350820668693009,8.37318389057751,169.230395136778,33.8049012158055,2.22262406624973,7.35987361162471,5.45862866457151
84,"Mahendragarh",522,"Ateli Nangal",2015,7.94380320534034,0.355769029806202,0.378408640558149,7.47480262648619,190.711861716438,28.9366774280334,1.99393400910585,11.6501993593474,11.6964252999999
84,"Mahendragarh",522,"Ateli Nangal",2016,7.98292454669782,0.393548706379175,0.270472541417301,8.42263610315186,161.642979942693,30.0959885386819,1.56077363896848,6.89873925501433,9.38845272206304
84,"Mahendragarh",523,"Kanina",2014,8.04855801788876,0.256615913554504,0.563567525370804,7.14806401249024,126.292271662763,18.0672131147541,5.23041600178963,5.97320349172375,6.34040495843276
84,"Mahendragarh",523,"Kanina",2015,8.04758074525218,0.370034767358958,0.475482448900624,7.73323264107405,127.177821920044,25.0984238219872,3.43537435155965,9.82711650580762,5.90650268500751
84,"Mahendragarh",523,"Kanina",2016,7.63604938271605,0.344814814814815,0.278641975308642,7.55185185185185,185.111111111111,35.3352187509377,1.11864197530864,10.412962962963,4.85737269059372
84,"Mahendragarh",524,"Mahendragarh",2014,7.79399393367826,0.253659038533853,0.440569196428571,5.12354910714286,142.1015625,22.5245535714286,2.07131104315368,11.35530693024,6.07412320300794
84,"Mahendragarh",524,"Mahendragarh",2015,7.81333477047319,0.281157485181889,0.52867698538354,8.01911284431478,132.735574880614,21.2589539452479,2.78958759833405,5.91963050891697,4.89804202554923
84,"Mahendragarh",524,"Mahendragarh",2016,7.92468751849561,0.362197802197802,0.384835164835165,4.97956043956044,136.538461538462,24.1989010989011,2.43559824903085,5.24956043956044,5.84128777953947
84,"Mahendragarh",525,"Nangal Chaudhry",2014,7.448,0.319,0.295,7.4,178.8,40.45,1.365,11.961,5.91171879380917
84,"Mahendragarh",525,"Nangal Chaudhry",2015,7.93507517693397,0.685359856040383,0.281392170488765,8.88752374334028,238.797815612694,32.7026059763725,0.764658241164668,6.28082086469727,4.06779693835665
84,"Mahendragarh",525,"Nangal Chaudhry",2016,7.99826550917198,0.511266105263419,0.337258064516129,7.18387096774194,171.709677419355,43.7661290322581,1.04064516129032,8.11741935483871,7.36596774193548
84,"Mahendragarh",526,"Narnaul",2014,7.48303347103808,0.359389312977099,0.276412213740458,7.83587786259542,171.72213740458,42.8587786259542,1.10610687022901,10.8015267175573,6.09568236561158
84,"Mahendragarh",526,"Narnaul",2015,7.89363490428804,0.721366832956828,0.30200520661593,10.7266093128533,251.545082389677,42.3324380453752,1.77221167509468,10.2392955799124,5.31465385669487
84,"Mahendragarh",526,"Narnaul",2016,7.97476672059983,0.590384615384615,0.350244755244755,8.89531468531469,185.636363636364,34.6765734265734,1.18448696218407,7.24700584929412,4.34481534244088
84,"Mahendragarh",6731,"Sihma",2014,8.01981274311781,0.257480298564642,0.528227021074661,4.89384848484849,147.964848484848,20.5634848484848,10.7590804314221,6.64816264514581,5.87342045985566
84,"Mahendragarh",6731,"Sihma",2015,8.09422570809689,0.45413362999702,0.316194083634962,7.90520714865963,178.667173030057,28.6331437855402,1.85245313854909,9.56196372526095,5.27941536601677
84,"Mahendragarh",6731,"Sihma",2016,7.91431285320889,0.479937106918239,0.270440251572327,6.40754716981132,169.03144654088,21.5125786163522,0.993647798742138,8.66880503144654,6.3037106918239
84,"Mahendragarh",6776,"Nizampur",2015,7.88548223350254,0.625888324873096,0.278900169204738,10.8396785109983,290.200795262267,42.6683248730964,1.07833040809585,9.1075296108291,6.41315250021751
84,"Mahendragarh",6777,"Satnali",2015,8.22477512278437,0.279178839631843,0.444125326370757,5.22733681462141,136.935848563969,23.2519843342037,1.61202752576838,5.25086427857533,4.16878427121719
85,"Rewari",536,"Bawal",2014,7.31439584532569,0.461502982928245,0.289581464872945,2.6009865470852,96.7085201793722,15.9696562032885,1.31566517189836,8.59650773228418,5.71099308800625
85,"Rewari",536,"Bawal",2015,7.50137707100602,0.452717105318722,0.812929319371728,8.64775392670157,125.911785340314,36.9101785641051,11.3285766039272,13.8432955301888,7.95597579726742
85,"Rewari",536,"Bawal",2016,7.34875953305949,0.442086131642878,2.65390070921986,6.25283687943262,95.9763593380615,31.5286052009456,9.47542521124046,22.259062040252,11.0923042682311
85,"Rewari",537,"Jatusana",2014,7.28653846153846,0.56295796491632,5.12339743589744,2.68910256410256,87.1538461538462,16.9205128205128,1.10102564102564,10.5600641025641,4.27725361419407
85,"Rewari",537,"Jatusana",2015,7.46342738555951,0.37387914426268,2.16682159752525,4.89220999685633,165.814124489154,32.712891882502,11.4795788393737,12.3048659976038,7.10542460426929
85,"Rewari",537,"Jatusana",2016,7.3452007262176,0.489119374802324,2.3823569023569,5.22594276094276,99.2158249158249,34.9850168350168,63.2686299149447,27.9983793229023,9.54826130635683
85,"Rewari",538,"Khol At Rewari",2014,7.56327683615819,0.260929375755804,0.228305084745763,3.64463276836158,118.321657250471,16.2055743879473,2.67520046920199,4.60275894538606,4.44234552419955
85,"Rewari",538,"Khol At Rewari",2015,7.46903384638956,0.445039479127449,0.635063414634146,4.32447106406077,133.063009756098,46.144462504024,4.7848325754225,11.0797683838749,7.67416144083385
85,"Rewari",538,"Khol At Rewari",2016,7.37529080675422,0.38812382739212,0.272138836772983,2.63133208255159,105.75234521576,20.4091181988743,1.02986831811245,7.38978175027789,3.59938673101041
85,"Rewari",539,"Nahar",2014,7.28335644937587,0.449015256588072,0.215131761442441,2.78155339805825,89.0540915395284,16.5539528432732,1.17626907073509,8.19040221914008,4.17542346125748
85,"Rewari",539,"Nahar",2015,7.46916439839171,0.40159891598916,0.312369273677614,10.3425470345396,169.320682368211,76.9123351905013,1.75242860423484,7.08267415632839,6.1212131022823
85,"Rewari",539,"Nahar",2016,7.39184441656211,0.414464866406941,0.24711417816813,2.74670012547051,104.314930991217,15.9243036386449,1.40792973651192,8.72579340752351,4.53334300611817
85,"Rewari",540,"Rewari",2014,7.69010764219785,0.288846364461962,0.243066263049145,6.02791330216745,112.363688907777,17.3997747556311,3.52997720183733,10.0818742031449,7.79697900206211
85,"Rewari",540,"Rewari",2015,7.46945004858933,0.420307155214733,2.58578819766939,5.72589626933576,138.103603275705,34.5844226107973,24.4103497516182,17.5312010536957,12.2877051192001
85,"Rewari",540,"Rewari",2016,7.47624481939745,0.50102849845769,2.0159799713877,4.54846924177396,97.5450929899857,26.8756795422031,12.4552562497431,23.2351020015875,11.6993634063353
86,"Gurgaon",475,"Farrukh Nagar",2014,7.75028037383178,0.27101400491899,0.494252336448598,12.0329439252336,283.104598998581,18.5927867262289,0.798613416750679,6.52751096166465,3.70941297138403
86,"Gurgaon",475,"Farrukh Nagar",2015,7.65625,0.3459375,0.235625,2.684375,69.875,19.6,0.90375,13.2828125,3.145625
86,"Gurgaon",477,"Gurgaon",2015,7.41052475666526,0.384172026460572,0.268590774439272,2.73222175201016,99.6651206093948,16.4413457469319,1.44462970799831,11.1090001463378,4.25051854531363
86,"Gurgaon",480,"Pataudi",2015,7.61404802744425,0.394682675814751,0.286097627709499,10.6631732418525,195.368867924528,16.4080726576552,0.965145477794058,9.44562607204117,3.78931015278109
86,"Gurgaon",482,"Sohna",2015,7.2,0.71,0.22,2.5,148,10.4,0.49,12.6,3.33
87,"Mewat",476,"Ferozepur Jhirka",2014,7.85583908296471,0.387506963788301,0.308203342618384,10.5657261318234,387.35061281337,42.1680919220056,2.58249759217917,7.99993547757398,4.54813022772247
87,"Mewat",476,"Ferozepur Jhirka",2015,7.88319607843137,1.41724901382875,0.291392156862745,11.7846470588235,374.792882352941,44.8846007047313,1.21153582585225,10.6693921568627,6.92397487830998
87,"Mewat",478,"Nagina",2014,7.58306503362937,0.494941900840459,0.33304347826087,2.81855072463768,101.211449275362,16.036231884058,1.02492753623188,9.97063294055243,3.7131884057971
87,"Mewat",478,"Nagina",2015,8.01581722319859,2.04099817001282,0.340351493848858,13.0447275922671,314.580808435852,44.5681834084587,1.3951372315265,14.4412015340916,8.26194584874884
87,"Mewat",479,"Nuh",2014,7.59944878016088,0.504741772497542,0.335253456221198,2.94834101382488,110.354838709677,17.4769585253456,3.13785714285714,9.4305069124424,3.89576036866359
87,"Mewat",479,"Nuh",2015,7.66817356280571,0.821310908513766,0.348770300769241,36.1264993026499,167.904556020456,26.9656328960544,1.87019178307782,10.7688056804716,5.37505826573016
87,"Mewat",479,"Nuh",2016,7.5574079254733,0.713766233766234,0.32487012987013,33.3894805194805,111.084623979534,7.48763869748685,0.930345916783411,7.61805194805195,3.10087257062457
87,"Mewat",481,"Punahana",2014,7.30647887323944,0.447649283321115,0.332478873239437,6.56432750680986,100.450704225352,17.8255978442726,11.1679718309859,14.6593283930279,4.46002816901408
87,"Mewat",481,"Punahana",2015,7.97342363455553,2.02584476094767,0.290536231884058,11.0895797101449,308.654304347826,43.874530955671,3.21727509210715,15.2650106460815,10.0787106022705
87,"Mewat",483,"Taoru",2014,7.82294937296795,0.3885255436967,0.325304149516617,11.149745175406,390.055026517812,44.7725528840748,2.77523438323635,8.41978387904899,4.80797956991126
87,"Mewat",483,"Taoru",2015,7.78249070746802,1.09093473034622,0.407391734656939,33.0727646806687,214.252778436712,28.4462603676176,1.60030416935614,10.3143413478314,5.41090254528193
87,"Mewat",483,"Taoru",2016,7.5064734843518,0.654143712326263,5.44626802997375,557.783519668737,707.020572722243,15.7082612466603,3.1747366738054,12.7142913450999,5.57290022762941
88,"Faridabad",463,"Ballabgarh",2014,7.83116665576416,1.12340169961929,0.295914752263214,11.7694905214036,341.522384759871,43.9179883909898,1.17811032094287,9.92154980314413,5.74053537644171
88,"Faridabad",463,"Ballabgarh",2015,7.88647891055135,1.12297525138636,0.320772604273801,12.0155826455056,315.914464567464,44.4328869777303,1.5586774146593,11.2918480614823,7.34388553910898
88,"Faridabad",463,"Ballabgarh",2016,7.87994858611825,1.00696658097686,0.300796915167095,11.0823136246787,325.752724935733,45.3557840616967,0.8827076380068,8.41195372750643,4.58393718204184
88,"Faridabad",464,"Faridabad",2014,7.66646706586826,0.681488015127736,0.319281437125749,9.62580838323353,339.317395209581,38.7078443113772,1.53108763827738,8.07893315238957,4.52894462127166
88,"Faridabad",464,"Faridabad",2015,7.79871489895008,0.996120614427595,0.317153661051908,12.3730250945342,313.664301885767,44.9341970018009,1.54594005744513,12.1930723086271,7.79971908768678
89,"Palwal",465,"Hassanpur",2014,8.08368084506008,0.407,0.293058823529412,15.3965294117647,361.869352941176,36.5517058823529,1.036,6.32147058823529,5.67982352941176
89,"Palwal",465,"Hassanpur",2015,7.94972846208652,0.984684367268561,0.326993309509808,11.5890244369362,416.198276388837,43.9877310439597,10.2904387326299,12.3889053658934,24.8204890832189
89,"Palwal",465,"Hassanpur",2016,7.91916666666667,0.47,0.333333333333333,10.2041666666667,443.221666666667,39.0666666666667,3.06333333333333,14.9416666666667,20.6483333333333
89,"Palwal",466,"Hathin",2014,8.07,0.759624631582987,0.43,11.22875,239.91875,43.8925,1.545,6.7925,3.30875
89,"Palwal",466,"Hathin",2015,7.73409583526579,1.60967200970299,0.301768671183888,12.8207765616641,382.714751165758,37.1472732426328,1.85946541578604,14.0324471324571,15.5252506675409
89,"Palwal",466,"Hathin",2016,8,1.148,0.356,12.212,532.852,35.416,2.052,15.524,25.576
89,"Palwal",467,"Hodal",2014,8.06578534313737,0.534167224751121,0.308851351351351,11.6616239233939,367.685641891892,43.4625383763952,2.42515202702703,9.29889754357472,4.95539168814344
89,"Palwal",467,"Hodal",2015,7.91863172814076,1.02704891875475,0.319875829132484,11.5948800280541,416.611133381491,39.8975664852927,10.2887275983227,12.0778370902477,23.1406446827112
89,"Palwal",467,"Hodal",2016,7.93266666666667,0.756666666666667,0.364666666666667,11.5153333333333,324.92,41.92,4.028,13.6666666666667,26.6013333333333
89,"Palwal",468,"Palwal",2014,7.84478317279326,0.493518909045702,0.301016548463357,11.1897163120567,390.165508274232,41.7362798094869,1.7680378250591,7.82475126492726,4.15351950768881
89,"Palwal",468,"Palwal",2015,7.79393716805054,0.88692577733535,0.329686936936937,7.80448873873874,298.598158439305,89.4291686694617,2.57434335393301,13.0249807863947,7.81784227758361
89,"Palwal",468,"Palwal",2016,7.93,1.26571428571429,0.36047619047619,12.5633333333333,410.173809523809,40.4571428571429,3.15428571428571,16.7685714285714,21.1209523809524
89,"Palwal",6734,"Prithla",2014,7.90271186440678,0.80697243889405,0.290720338983051,11.2335593220339,378.520211864407,42.4404237288136,3.44148305084746,9.55613282117049,5.19219147431395
89,"Palwal",6734,"Prithla",2015,7.87631921051275,0.585226899319688,0.331411609498681,5.62423197976556,212.463469656992,89.3644389793286,2.29045711841395,12.0335974095634,7.21553822341684
89,"Palwal",6734,"Prithla",2016,7.71567628268047,0.7825,0.336875,9.921875,380.224375,67.395,19.04375,9.425,31.2475
