"SR","LOCATION","WELL NO.",pH,EC,CO3,HCO3,Cl,SO4,NO3,F,PO4,Ca,Mg,Na,K,SiO2,"T.H",SAR,RSC

1,Balana,53B-3C2,8.1,2091,0,503,257,350,55,0.65,1.53,55,72,330,60,27,434,6.89,-0.4

2,Pinjola,53B-3C3,8.51,1338,92,376,108,85,1.5,0.39,0.45,37,31,177,97,21,219,5.20,4.9

3,Kakru,53B-3D8,8.62,2926,99,383,288,385,129,0.50,0.15,10,115,280,260,29,500,5.45,-0.4

4,Panjokhera,53B-3D9,8.51,3857,118,327,654,430,143,0.73,0.04,14,144,508,172,21,628,8.82,-3.2

5,Naraingarh,53F-3A1,8.34,286,6.6,134,18,0,6.1,0.39,0.03,17,12,25,1.3,24,92,1.13,0.6

6,Mulana,53F-3A4,7.88,3971,0,67,857,448,460,0.61,0.03,282,149,371,6.0,25,1317,4.45,-25.2

7,Dhanaura,53F-3A12,8.29,572,0,160,83,38,2.1,0.26,0.03,27,13,80,2.6,24,122,3.15,0.2

8,Khan Amdalpur,53F-4B3,8.26,375,0,187,36,0,0,0.37,0.05,17,25,26,2.8,14,148,0.93,0.1

9,Seha,53B-3DP3,8.3,482,0,274,14,19,3.7,0.56,0.02,14,30,49,1.3,22,158,1.70,1.3

10,Ambala Race Course,53B3DP5D,8.48,991,33,381,83,19,0,0.90,0.03,12,38,150,0.9,12,184,4.82,3.7

12,Uplana,53F-3AP2,8.33,695,13,140,112,45,27,0.61,0.03,35,28,70,3.4,22,204,2.13,-1.3

1,Siwani,44P-1C1,8.91,3092,48,415,497,360,245,2.22,nd,10,164,480,2.1,25,701,7.90,-5.6

2,Miran,44P-1C3,8.40,2224,12,55,311,380,252,0.14,nd,164,41,175,142,29,580,3.17,-10.3

3,Ishwarwal,44P-1C4,8.74,2177,60,116,343,160,365,0.52,nd,26,113,230,118,27,530,4.35,-6.7

4,Gurera,44P-1C5,7.98,4008,0,110,993,420,233,0.31,nd,44,285,410,7.8,28,1281,4.98,-23.8

5,Bhiwani,53D-1AP2,8.29,1096,0,128,113,288,8.9,0.65,nd,46,36,142,4.4,19,265,3.81,-3.2

6,Badala,53D-1B6,8.98,1879,42,262,365,148,3.9,3.86,0.01,24,100,240,3.5,17,470,4.81,-3.7

7,Bajina,44P-2D2,8.25,3730,0,183,489,600,730,0.29,nd,216,198,320,12,36,1356,3.78,-24.1

8,Bohal,44P-1D3,8.48,663,18,159,44,118,8.5,1.5,nd,30,55,26,2.6,21,300,0.65,-2.8

9,Hetampura,44P-2D6,8.40,1820,9,152,259,110,357,0.64,nd,120,58,86,169,23,540,1.61,-8.0

10,Jui Kallan,44P-2D3,8.75,868,24,244,77,102,5.8,2.75,nd,16,6.1,183,1.2,14,65,9.87,3.5

11,Dhanana,53D-1A1,8.51,661,24,116,51,120,0,0.68,nd,36,22,72,3.4,17,180,2.33,-0.9

12,Bawanikhera,53D-1A2,8.34,3182,6.0,146,365,1024,30,3.07,nd,90,128,475,7.6,20,751,7.54,-12.4

13,Bamla,53D-1A3,8.40,1105,12,153,190,136,3.1,0.7,nd,28,35,165,1.7,22,215,4.91,-1.4

14,Sui,53D-1A4,8.54,2148,24,323,489,100,27,0.72,nd,44,75,200,240,30,420,4.25,-2.3

15,Baund Kallan,53D-1B5,8.65,1928,42,104,424,164,74,0.76,nd,54,108,150,73,26,580,2.71,-8.5

16,Naya Atela,53D-2A1,9.06,1192,48,421,69,56,81,0.56,nd,8,8.5,280,2.6,26,55,16.44,7.4

17,Halluwas,53D-2A2,8.47,4328,24,262,1073,344,88,0.65,nd,32,212,430,296,35,951,6.06,-13.9

18,Lohani,53D-2A5,8.10,2927,0,183,343,530,425,0.19,nd,150,164,150,132,35,1051,2.01,-18.0

19,Dadri,53D-2B2,8.29,8552,0,275,1263,1760,1683,2.55,nd,106,482,1360,16,26,2245,12.48,-40.4

20,Sanwar,53D-2B4,8.26,1762,0,110,409,148,8.1,0.79,nd,100,66,151,3.2,17,520,2.88,-8.6

21,Mehrana,53D-2B5,8.56,2401,24,226,486,54,290,0.45,nd,28,129,290,2.5,30,600,5.15,-7.5

22,Chiriya,53D-3B1,8.75,3067,42,287,635,340,61,2.01,nd,16,156,440,2.9,21,680,7.33,-7.5

23,Jhumpa,44P-1C2,8.72,1392,60,330,150,66,140,2.48,nd,20,117,115,0.7,23,530,2.17,-3.2

24,Manheru,53D-2A4,7.75,1825,0,98,373,208,139,0.21,nd,106,52,220,2.1,38,480,4.38,-8.0

25,Pataudi,44P-1DP3,9.25,4374,96,866,745,200,150,19.2,0.092,16,51,1050,3.9,17,250,28.91,12.4

26,Sagban,44P-1DP4,8.61,548,24,134,40,42,22,1.39,nd,38,23,18,40,26,190,0.57,-0.8

27,Baliandpur,,8.66,1478,36,305,175,160,31,1.15,nd,28,83,83,135,33,410,1.78,-2.0

28,Tosham,44P-1D1,8.43,834,12,323,73,50,12,0.85,0.008,26,58,31,64,34,305,0.77,-0.4

29,Kalanagar,53D-1B1,8.27,2908,0,519,562,260,48,0.77,nd,40,167,340,23,21,786,5.27,-7.2

30,Gopi,44P-2DP1,9.14,4058,120,592,599,650,19,0.45,0.031,10,50,950,3.8,28,230,27.22,9.1

31,Singwani,44P-2DP4,8.15,2478,0,305,391,280,222,0.88,0.004,16,28,530,2.6,23,155,18.51,1.9


1,Pali,53H-3AP2,9.08,2911,106,416,559,240,18,0.75,nd,27,45,615,27,28,250,16.92,5.3

2,Bhopani,53H-3BP5,8.41,737,33,255,63,4.8,18,1,nd,12,31,97,3.5,22,158,3.36,2.1

3,Tigori,53H-4BP16,8.3,1679,0,148,375,145,46,0.68,nd,39,50,255,2.0,34,301,6.39,-3.6

4,Jawan,53H-4BP5,9.3,2870,185,389,368,275,23,1.5,nd,8,42,595,8.0,31,194,18.59,8.7

5,Kabulpur,54E-3BP9,8.9,1251,79.2,356,111,95,14,1.05,nd,8.2,36,240,5.0,25,168,8.05,5.1

6,Amarpura,53H-4BP9,8.3,2719,0,201,389,700,40,0.91,nd,16,98,482,16,28,444,9.95,-5.6

7,Nh Iv,53H-3BP3,8.29,2104,0,161,542,186,18,0.73,nd,2.0,37,427,19,27,158,14.77,-0.5

8,Bamnikhera,53H-4B7,8.93,1878,79,282,208,200,100,0.71,nd,37,27,308,76,31,204,9.38,3.2

9,Khambi,54E-1BP2,8.96,3562,99,510,625,450,28,0.48,nd,35,66,752,10,27,357,17.31,4.5

10,Dighaut,53H-4BP3,8.18,1375,0,201,240,150,74,0.36,nd,22,50,203,8.5,23,260,5.48,-1.9

11,Balabgarh,53H-3BP1,8.76,2931,19.8,289,615,275,81,0.81,nd,49,79,488,30,24,449,10.02,-3.6

12,Barauli,53H-4BP2,8.76,1854,20,201,386,230,10,0.75,nd,18,69,312,6.0,26,332,7.45,-2.7

13,Sikri,53H-3BP6,8.8,4611,66,282,1087,450,70,0.75,nd,41,193,702,40,27,898,10.19,-11.1

14,Pehladpur,,8.7,545,20,154,69,10,24,0.5,nd,20,32,50,3.7,30,184,1.61,-0.5

15,Kot,54E-1A7,8.3,2797,40,248,622,270,63,0.72,nd,61,125,381,4.0,30,669,6.41,-8.0

16,Badraun,53H-4BP4,8.95,1038,66,289,122,10,16,0.23,nd,12,22,180,39,30,122,7.08,4.5


1,Samain,44O-2D3,8.69,1560,42,429,204,175,29,0.97,nd,33,103,74,198,13,505,1.43,-1.7

2,Tohana,44O-2D1,9.04,1430,59,338,147,106,101,2.23,nd,16,35,271,8.6,8.6,185,8.69,3.8

3,Badopal,44O-3C1,8.22,4530,0,97,386,1850,61,0.19,nd,152,113,801,24,18,845,11.99,-15.3

4,Jandli Kalan,44O-2CP5,8.3,840,0,181,77,220,18,1.09,nd,87,49,40,4.8,16,412,0.85,-5.4

5,Aharwan,44O-2CP4,8.92,1647,83,302,182,290,24,0.53,nd,29,93,235,9.2,14,453,4.79,-1.4

6,Ratia,44O-2CP2,8.68,435,24,193,7,70,0.6,2.23,nd,16,20,73,3.2,9.9,124,2.87,1.5

7,Mehuwala,,8.62,2160,36,254,302,500,70,3.01,nd,37,78,369,13,10,412,7.90,-2.9

1,Kherla,53H3AP6,7.42,1146,0,215,154,80,120,0.39,0.17,94,31,95,5,19,363,2.17,-3.7

2,Shahsola,,7.91,605,0,251,63,27,26,0.66,0.12,43,26,59,1.5,22,216,1.75,-0.2

3,Kashan,53D3DP3,8.04,1255,0,156,155,185,137,0.47,0.11,59,21,190,3,21,235,5.41,-2.1

4,Pataudi,44P-1DP3,8.45,1010,35,203,112,85,78,0.38,0.05,20,19,188,1.8,23,127,7.23,1.9

5,Haily Mandir,53D-3DP6,8.51,2665,59,311,470,310,109,1.55,0.02,16,48,550,2,22,235,15.53,2.3

6,Manchana,53D-3DP8,8.48,1975,47,239,358,220,20,1.19,0.02,24,26,398,2.5,22,167,13.40,2.1

7,Jamalpur,53D-3DP11,8.22,725,0,287,70,33,54,0.33,0.02,27,29,103,1.8,21,186,3.28,1.0

8,Gurgaon,53D-3DP5,8.12,870,0,490,21,68,46,1.75,0.01,24,26,172,2,22,167,5.79,4.7

9,Jaraon,,8.04,365,0,167,14,64,0.24,1.2,0.00,24,26,28,0.2,22,167,0.94,-0.6

10,Basonda,,8.14,1735,0,347,344,105,17,0.39,0.00,24,33,319,4,18,196,9.92,1.8

11,Chandu,53D-3DP7,8.36,625,24,180,56,54,43,0.34,0.025,24,38,67,5.7,,216,1.98,-0.6

12,Jhanjrola,53H-3AP9,8.19,300,0,96,28,68,0.07,0.28,nd,39,14,13,3,11,157,0.45,-1.5

13,Wazirpur,53D-2C5,8.64,1580,71,347,140,210,111,2.01,0.025,12,31,350,2.5,18,157,12.13,4.9

14,Meoka,53D-3DP9,8.41,1230,71,383,84,160,34,1.3,nd,27,26,262,2.4,21,176,8.63,5.2

15,Manesar,53D-3DP12,7.48,2510,0,120,765,19,10,0.19,nd,106,38,355,7.5,26,421,7.53,-6.4

16,Maozabad,53D-,7.68,3035,0,359,709,165,21,0.6,nd,90,69,449,2,25,510,8.66,-4.3

17,Sikarwa,54E-1A3,8.25,3073,0,181,639,335,99,0.76,nd,82,124,265,222,23,715,4.31,-11.3

18,Luhinge Kalan,54E-1A5,8.99,1670,92,235,261,135,3.2,0.88,nd,29,62,252,1.0,31,327,6.07,0.4

19,Gulatha,54E-1A8,8.35,584,6.6,201,69,0.0,25,0.68,nd,31,20,61,3.5,24,158,2.11,0.4

1,Uklana,44O-2D2,8.76,3590,36,181,554,740,157,2.65,nd,37,85,664,13,18,443,13.74,-4.7

2,Agroha,44O-3C2,8.88,3310,59,302,512,720,69,0.77,nd,10,118,613,15,26,526,11.81,-3.3

3,Siwani,44O-3C3,8.63,2145,24,181,526,200,53,0.11,nd,33,83,245,182,13,422,5.18,-4.7

4,Sahu,44O-3D6,8.63,2330,36,483,119,630,20,5.4,nd,25,45,483,11,22,247,13.36,4.2

5,Bhambhauri,53C-3AP3,9.18,2675,190,580,379,95,9.9,4.71,0.02,41,55,509,7,24,330,12.22,9.3

6,Rajli Cross,44O-3D8,8.45,298,12,97,14,66,0,0.53,nd,37,18,9.8,1.7,15,165,0.33,-1.3

7,Kirori,44O-3D9,8.44,2415,24,73,449,300,272,0.24,nd,62,163,166,65,28,824,2.51,-14.5

8,Balsamand,44O-4B2,8.33,7590,18,212,1425,1750,17,1.18,0.11,190,268,1133,36,15,1576,12.41,-27.4

9,Khanda Kheri,53C-4AP1,8.38,1470,24,290,183,288,13,0.48,nd,95,43,196,5.9,26,412,4.19,-2.7

10,Channaut,44O-4D1B,8.01,4060,0,242,814,390,489,0.66,0.01,161,275,235,100,24,1535,2.61,-26.7

11,Chadhriwas,44O-4C3,8.57,1725,30,175,168,560,24,2.89,nd,58,170,92,11,11,845,1.38,-13.0

12,Basra,44O-4C5,8.47,2620,18,139,330,800,6.8,2.6,nd,87,95,380,14,5.5,608,6.71,-9.3

13,Kirtan,44O-4C6,8.34,1520,12,121,337,250,11,0.23,nd,70,70,139,89,20,465,2.81,-6.9

14,Dhansu,44O-4D4,7.77,2869,0,181,498,260,481,0.27,nd,218,121,173,77,26,1041,2.33,-17.9

15,Umra,44O-4D5,8.11,2190,0,72,463,440,11,0.48,0.28,202,95,135,6,24,896,1.96,-16.7

16,Adampur,44O-3BP2,8.69,4299,36,266,498,1300,75,0.45,nd,29,148,798,22,13,680,13.30,-8.1

17,Balawas,44P-1D5,9.1,2092,131,580,302,12,114,0.36,0.32,33,153,139,166,21,711,2.27,-0.4

18,Mothmajra,53C-4A2,8.79,1210,36,241,119,322,19,0.84,nd,39,45,236,6,25,258,6.11,-0.5

19,Rampur Damundi,53C-4A3,8.34,2675,24,314,576,200,72,0.51,nd,78,128,197,177,26,721,3.19,-8.5

20,Bas,53C-4A5,8.2,6277,0,97,948,1150,1270,0.84,nd,330,410,394,234,31,2513,3.42,-48.6

21,Gainpura,53C-3A9,8.84,3015,71,326,519,540,96,1.92,nd,25,233,334,14,30,1019,4.55,-12.7

22,Narnaud,53C4AP1S,8.41,2607,36,326,309,320,249,0.82,nd,33,48,464,7,24,278,12.07,0.9

23,Kheri Jalab,53C-3AP4,8.72,1437,24,109,253,320,30,0.83,nd,41,85,171,20,17,453,3.50,-6.4

24,Hissar,54O-4CP2,7.92,6570,0,169,1404,1550,6.5,0.84,nd,111,248,1138,7.5,24,1298,13.75,-23.2

25,Sorkhi,53C-4AP2,8.68,2560,36,193,582,210,75,0.33,nd,41,135,198,178,26,659,3.36,-8.8

26,Mangali,44O-4CP3,9.04,5560,107,616,912,1100,119,2.4,nd,16,85,1284,6,13,391,28.30,5.9

27,Kanoh,44O-3DP4,8.59,1635,36,169,323,155,62,0.24,nd,29,108,144,31,24,515,2.76,-6.4

28,Sadalpur,44O-3B4,8.66,740,30,175,49,195,18,0.41,nd,29,65,48,21,11,340,1.13,-2.9

29,Rajthal,53C-3A7,8.55,440,24,157,14,68,5.3,0.7,nd,41,22,31,2.8,23,196,0.97,-0.5

30,Juglan,44O-3D7,8.59,1076,53,61,91,300,13,0.63,nd,45,33,146,5.6,25,268,4.03,-2.2

31,Mohel Khera,53C-2AP3,8.65,465,36,109,49,84,2.8,1.14,nd,29,50,12,7,21,278,0.31,-2.6

32,Ghaso Khurd,53C-2A6,8.35,1070,24,181,225,62,11,0.43,nd,74,78,28,13,28,505,0.54,-6.3

33,Dhandoli,53C-1AP1,8.54,960,48,459,63,36,12,0.45,nd,33,50,137,6.2,30,288,3.51,3.4

34,Baroda,,8.86,4005,59,350,484,1175,12,8.22,nd,41,120,775,17,26,578,13.81,-4.2

35,Jallana,,8.08,1640,0,278,140,370,28,2.95,nd,99,85,109,5.5,20,597,1.94,-7.4

1,Salawas,53D-3B2,9.00,1111,108,134,132,75,14,8.62,nd,10,3.6,255,0.4,25,40,17.59,5.0

2,Chuchakwas,53D-2C3,8.14,4467,0,73,1329,264,75,1.64,nd,257,187,410,9.8,45,1411,4.75,-27.0

3,Bagoa,53D-2B8,9.14,1419,114,165,223,52,27,1.25,nd,14,55,150,114,25,260,4.04,1.3

4,Jhajjar,53D-2C2,8.53,1265,24,31,223,205,40,0.46,nd,70,63,88,3.2,31,435,1.84,-7.4

5,Dighal,53D-1C2,8.48,16980,30,513,3250,2040,1844,0.52,nd,70,347,1118,3765,21,1601,12.15,-22.6

6,Chamanpura,53D-2C1,8.66,1329,30,85,124,372,1.5,0.76,nd,50,88,91,9.1,17,485,1.79,-7.3

7,Chhara,53D-2C7,9.25,4964,138,555,701,480,515,1.7,nd,10,94,364,1090,18,410,7.81,5.5

8,Gabhana,53D-2DP2,8.48,1080,30,421,106,3.6,41,1.88,nd,34,40,123,56,28,250,3.39,2.9

9,Dulehra,53D-2D9,8.60,4896,36,165,1344,365,108,0.46,nd,60,233,508,280,23,1111,6.64,-18.3

10,Kulasi,53D-1D11,9.15,1244,120,299,62,100,0.3,15.2,nd,10,2.4,296,7.9,10,35,21.82,8.2

11,Sankhol,53D-2D1,8.67,485,30,128,16,59,7.3,4.69,nd,30,28,18,23,12,190,0.57,-0.7

12,Majra,53D-2BP2,8.10,5850,0,61,1767,490,37,0.24,nd,481,243,430,4.8,21,2202,3.99,-43.0

13,Dubal Dhan,53D-2B6,8.19,5030,0,49,818,ND,ND,0.32,nd,417,199,252,194,21,1861,2.54,-36.4

14,Wazirpur,53D-2C5,8.40,7191,12,85,1241,820,1452,0.28,nd,168,428,413,650,22,2182,3.85,-41.8

15,Mundsa,53D-2B7,8.79,2468,84,140,391,400,15,2.69,nd,26,58,452,5.2,24,305,11.29,-1.0

16,Subnah,53D-3C8,8.23,4530,0,116,1344,315,11,0.88,nd,140,195,557,1.0,30,1151,7.14,-21.1

1,Korar,53C-2A5,8.38,2286,59,580,309,130,15,0.84,0.03,58,88,293,16,28,505,5.66,1.3

2,Bhusalana,53C-3BP2,8.94,1040,59,483,49,31,0,0.93,nd,16,43,175,2.7,18,216,5.17,5.5

3,Chabri,53C-3B3,8.77,1965,47,351,154,420,23,2.1,nd,33,90,270,7,18,453,5.52,-1.7

4,Jhanj Kalan,53C-3B7,8.76,6860,48,363,1109,1960,19,0.99,nd,37,185,1441,16,27,855,21.46,-9.5

5,Pillu Khera,53C-3B9,9.18,1470,83,532,77,110,11,4.25,0.270,25,27,298,2.3,19,175,9.84,8.0

6,Brahamanwas,53C-4B2,7.74,2820,0,133,856,114,12,0.27,nd,243,130,137,8.2,22,1144,1.76,-20.6

7,Jamula,53C-4B3,8.71,1050,36,145,218,86,5.4,0.83,nd,29,90,37,48,26,443,0.77,-5.3

8,Safidon,53C-3C1,8.34,430,24,145,21,24,3.1,2.95,nd,45,17,16,3,15,185,0.52,-0.5

9,Nahla,44O-3D1,8.27,250,0,97,14,75,2.2,0.38,nd,37,17,5.4,3.1,4.1,165,0.18,-1.7

10,Kishanpura,53C-3BP3,9.14,1315,83,411,84,98,26,1.65,nd,12,52,215,5.5,24,247,5.99,4.6

11,Alewa,53C-3B1,9.18,1897,119,881,63,68,3.9,4,0.01,16,38,411,5,24,196,12.76,14.5

12,Dudhana(Dorana),53C-2BP3,8.31,2390,36,495,288,336,15,0.24,nd,29,115,308,19,23,546,5.74,-1.6

13,Uchana,53C-3A1,8.86,2460,59,302,365,320,195,0.77,nd,29,90,415,11,29,443,8.58,-1.9

14,Narwana,53C-3C2,8.86,3950,59,471,484,810,3.5,18,0.07,41,45,811,12,17,289,20.81,3.9

15,Khatkaran,53C-3A2,8.12,1760,0,206,422,52,113,0.18,nd,111,73,149,7,29,577,2.70,-8.2

2,Padla,53C-1BP1,7.7,1553,,696,119,100,14,0.28,nd,67,79,159,10,27,494,3.12,1.6

3,Guhna,53C-1B3,8.37,2757,,543,320,550,0.8,0.72,nd,76,87,419,12.0,21,546,7.79,-2.0

4,Kalayat,53C-2B2,7.54,4831,,439,871,980,45,0.26,nd,303,216,448,18.0,31,1645,4.81,-25.7

5,Mataur,53C-2B6,7.61,6837,,763,912,1000,852,1.62,nd,130,180,1125,71.0,25,1067,15.00,-8.8

6,Kelram,53C-2B3,7.79,7398,,610,1157,1600,57,1.85,nd,139,128,1360,17.0,21,872,20.02,-7.5

7,Kaithal,53C-1BP2,8.00,2718,,964,211,178,70,4.6,nd,59,49,451,15.0,25,347,10.51,8.8

8,Mundri,53C-1C7,8.29,626,,317,6.7,45,4.9,0.81,nd,27,17,25,97,18,137,0.93,2.4

9,Pundri,53C-1C4,7.64,1731,,708,160,100,6.1,0.64,nd,93,66,178,7.4,26,504,3.45,1.5

10,Jateri,53C-2C7,7.05,1082,,439,88,65,15,0.3,nd,86,70,74,13,28,389,1.44,-2.9

11,Rajaund,53C-2B4,8.02,2346,,336,228,550,0,0.68,nd,34,28,450,3.3,15,200,13.84,1.5

12,Jakhauli,53C-2BP4,7.95,4266,,781,517,850,26,3.72,nd,36,35,950,13,19,231,27.03,8.1

13,Bhama,53C-2CP4,8.09,2150,,744,112,400,8.6,0.74,nd,57,49,386,7.6,17,342,9.06,5.3

14,Sisala,53C-2CP5,8.16,882,,537,17,0,2.7,0.7,nd,51,19,116,7.4,21,205,3.52,4.7

15,Kathana,53C-2BP5,8.15,3477,,1330,313,250,29,8.3,nd,15,12,828,6.6,19,84,38.66,20.1

16,Peoda,53C-1BP5,8.14,3322,,464,527,325,126,9.46,nd,34,38,572,175,23,242,16.02,2.8

17,Kheorak,53C-1BP3,7.63,2460,,1081,150,100,15,0.51,nd,69,55,414,8.2,28,399,9.02,9.7

18,Manaspati,53C-1BP4,7.42,2050,,848,216,64,11,1.86,nd,63,77,273,9.2,32,473,5.46,4.4

1,Dhomsi,53G-1AP4,7.82,721,,415,20,5,16,1.07,nd,53,27,65,7,25,242,1.81,1.9

2,Indri,53G-1AP8,8.06,344,,176,6.7,20,0.2,1.18,nd,38,14,10,3.4,24,152,0.35,-0.2

3,Karnalcity Inst,53C-2DP1,8.02,598,,365,24,5,0.2,1.24,nd,44,28,52,4.6,25,226,1.51,1.5

4,Salwan,53C-2C6,8.84,1073,31,251,105,145,21,0.63,nd,19,69,102,24,28,331,2.44,-1.5

5,Bala,53C-2D10,8.3,596,,264,17,65,8.5,0.62,nd,34,20,65,6,27,168,2.19,1.0

6,Jundala,53C-2D2,7.64,1391,,666,99,55,11,0.67,nd,59,54,172,12,29,368,3.89,3.5

7,Charpura,53G-1AP2,8.08,423,,232,10,65,0,0.52,nd,32,10,67,3,23,121,2.65,1.4

8,Sheikhpura,53G-2AP1,7.71,698,,339,17,95,0,0.42,nd,67,34,39,4.7,28,310,0.97,-0.6

9,Kutail,53G-2AP4,7.94,1002,,566,12,25,16,0.72,nd,74,13,132,5.9,26,236,3.72,4.5

10,Karirwali,53G-2AP6,7.94,490,,277,14,15,0,0.89,nd,48,23,29,4.6,26,194,0.86,0.3

11,Ghari Khajur,53G-2AP3,8.25,683,,321,14,65,1.3,0.8,nd,51,36,37,3.6,24,273,0.97,-0.2

12,Badhera,53C-1D7,8.11,488,,239,10,40,0,1.22,nd,32,22,40,2.2,25,168,1.33,0.5

13,Nanhera,53G-1AP6,7.96,457,,277,14,0,0,0.95,nd,36,13,44,4.1,27,142,1.60,1.7

14,Makhla,53G-1AP10,8.09,488,,151,24,90,0,0.45,nd,29,8.9,64,2.8,20,110,2.67,0.3

15,Kalri Jagsi,53G-1AP7,8.13,335,,182,10,10,0,0.28,nd,21,5.1,44,3.1,21,74,2.23,1.5

16,Salarpur,53G-1AP12,7.57,1013,,440,14,140,0,0.26,nd,90,12,119,5.4,17,273,3.13,1.7

17,Phurlak,53C-2DP6,7.89,576,,226,34,55,14,0.9,nd,55,29,21,3.2,15,257,0.57,-1.4

18,Daulatpur Khurd,53C-1DP12,8.11,400,,239,10,0,0.4,0.7,nd,66,3.3,20,4.1,23,179,0.65,0.4

19,Sangoi,53G-1AP13,7.58,705,,383,17,0,25,0.27,nd,84,14,36,7.1,25,268,0.96,0.9

20,Jaroli Khurd,53G-1AP11,7.33,809,,459,24,0,0.9,0.4,nd,74,38,26,10,18,342,0.61,0.7

21,Nalvi Kalan,53G-2AP8,8.23,497,,245,10,50,0,0.65,nd,25,7.7,78,2.3,18,95,3.50,2.1

22,Mohidinpur,53G-2AP7,8.19,512,,264,10,35,0,1.34,nd,25,10,78,2,21,105,3.34,2.3

23,Faridpur,53G-3AP4,8.30,627,,301,10,70,0,0.77,nd,32,23,73,2.6,20,173,2.40,1.4

24,Dongar Majra,53C-2DP10,8.24,799,,402,16,60,5.5,0.7,nd,27,28,115,4.4,27,184,3.70,2.9

25,Karnal I Cssri,53C-2DP8,7.78,797,,352,14,80,7.3,1.28,nd,61,26,66,5.3,28,257,1.78,0.6

26,Kurlan,53C-2CP8,8.56,2509,37,1112,211,0,1.4,20,nd,25,36,506,18,24,210,15.17,15.2

27,Jashala,53C-2CP6,8.18,1916,,572,160,240,25,1.16,nd,53,45,294,7.9,23,315,7.18,3.0

28,Gangatheri,53C-3B8,7.96,1404,,578,85,150,16,0.92,nd,61,75,135,7.7,26,462,2.74,0.3

29,Biana,53G-1AP9,8.06,431,,214,6.7,35,0,0.41,nd,27,14,42,2.8,23,126,1.63,1.0

30,Newal,53G-2AP2,8.35,492,19,153,80,5,0,0.74,nd,27,10,70,3.1,23,110,2.92,1.0

31,Majri Roran,53C-1CP4,7.64,1615,,585,208,65,15,0.4,nd,67,64,189,13,20,431,3.96,1.0

32,Jalmana,53C-2CP7,7.93,1695,,691,102,200,9.3,0.68,nd,97,70,174,11,28,530,3.29,0.7

33,Sambhli,,8.25,981,,346,14,180,4.8,0.96,nd,42,33,117,7.1,23,242,3.28,0.9

34,Saunkura,53C-2DP6,7.62,851,,509,17,16,7.2,1.24,nd,59,31,88,6.5,27,273,2.31,2.8

35,Mound,53C-2CP2,7.71,1282,,679,31,110,11,0.7,nd,52,41,189,8.1,28,310,4.76,5.2

1,Barthala,53B-4DP9,7.47,815,,436,31,30,6.7,0.28,nd,72,33,52,5.4,28,316,1.27,0.8

2,Kaulpur,53B-4DP10,7.39,455,,268,17,0,0,0.24,nd,37,9.8,48,5,28,133,1.81,1.7

3,Bam,53G-1AP12,7.54,787,,464,17,10,14,0.56,nd,84,27,45,6.8,31,322,1.09,1.2

4,Samalakhi,53B-2BP14,7.37,1092,,567,58,25,23,0.51,nd,94,41,83,7.2,22,403,1.80,1.2

5,Baronda,53B-1AP15,7.3,823,,513,6.7,0,18,0.36,nd,53,43,51,6.6,31,311,1.26,2.2

6,Sisaula,53P-4DP7,7.57,563,,353,20,0,1.9,0.72,nd,45,19,54,5.4,30,189,1.70,2.0

7,Malikpur Singhpura,53B-4DP13,7.9,870,,555,20,10,3.1,0.36,nd,57,45,70,6.8,26,327,1.68,2.6

8,Hatira,53C-1DP9,7.58,519,,244,27,25,3.2,0.55,nd,47,14,44,3.8,18,174,1.45,0.5

9,Thana,53C-1CP6,7.66,1845,,1037,27,60,0.6,0.54,nd,65,47,269,7,28,357,6.21,9.9

10,Murtajapur,53C-1DP12,7.69,490,,256,20,10,8.1,0.42,nd,59,17,16,2.9,30,219,0.47,-0.1

11,Bachki,53B-4DP12,7.91,743,,391,44,20,1.2,0.73,nd,39,21,100,4.8,20,184,3.21,2.7

12,Ishaq,53B-4BP3,7.71,1588,,342,293,145,0,0.38,nd,78,37,225,7.2,23,347,5.26,-1.3

13,Pehowa,53B-1C1,7.83,1254,,683,48,35,9.1,0.64,nd,59,38,162,11,27,305,4.05,5.1

14,Shabad,53B-4DP1,7.94,639,,378,10,8,0.3,0.3,nd,57,16,53,3.4,22,209,1.60,2.0

15,Santokhpur,53B-4CP4,7.25,917,,586,14,10,11,0.72,nd,53,16,141,5.4,26,199,4.36,5.6

16,Amin,53C-1DP6,7.86,786,,500,20,0,11,0.72,nd,57,16,97,5.7,31,209,2.93,4.0

17,Jadaula,53C-1CP8,7.95,871,,211,37,205,5.4,0.62,nd,32,14,149,3.4,20,137,5.53,0.7

18,Matahana,53C-1D9,7.45,796,,494,6.7,20,5.4,0.82,nd,65,27,73,6.7,32,276,1.92,2.6

19,Badram,53H-4BP4,8.2,672,,409,24,0,12,0.44,nd,34,20,91,4.8,22,168,3.06,3.4

1,Lukhi,53D-3A2,8.57,1314,59,359,119,155,23,2.01,0.022,20,17,288,3.9,22,118,11.45,5.5

2,Bowana,53D-3B7,8.04,2185,0,311,435,210,68,0.56,0.012,63,43,373,6.5,17,333,8.88,-1.6

3,Mohindergarh,53D-4AP2,8.24,250,0,108,11,40,1.7,0.3,0.004,27,14,7.5,2.6,8,127,0.29,-0.7

1,Akbarpur,53H-4A2,8.76,2143,33,195,389,275,28,1.5,nd,37,61,352,6.0,23,342,8.28,-2.5

2,Kheri Kankar,54E-1A6,8.17,3632,0,54,1171,90,5.1,0.6,nd,300,156,214,8.0,27,1393,2.49,-27.0

3,Malab,53H-4A5,8.66,6039,79,94,1160,950,418,0.5,0.24,102,127,655,860,31,776,10.23,-11.3

4,Nagina,54A-1D1,8.84,2084,59,235,309,250,47,1,nd,27,53,352,5.0,27,286,9.06,0.1

5,Nuh,53H-4A3,8.88,715,20,195,94,0,15,0.21,nd,22,15,105,2.0,26,117,4.22,1.5

6,Akaira,53D-4D3,8.3,2515,0,342,486,245,8,0.56,nd,45,57,414,23,28,347,9.67,-1.3

1,Palwal,53H-4B1,9.25,2285,178,571,160,185,24,4.79,nd,18,16,499,8.0,27,112,20.49,13.0

2,Hodel,54E-1BP1,8.35,4439,13,356,914,720,19,0.9,nd,88,267,521,6.0,27,1317,6.25,-20.0

3,Hathin,53H-4AP6,7.98,8579,0,107,2498,680,58,0.46,nd,433,447,745,2.5,28,2920,6.00,-56.6

4,Palwal,53H-4B1,9.25,2285,178,571,160,185,24,4.79,nd,18,16,499,8.0,27,112,20.49,13.0

5,Rasulpur,53H-4B9,9.19,1909,145,436,184,190,1.3,0.98,nd,10,16,447,3.0,24,92,20.29,10.2

6,Tumsara,53H-4B2,8.85,5922,112,302,1272,750,103,0.81,nd,18,216,955,172,29,934,13.60,-10.0

7,Bhagaula,53H-4B3,8.91,9809,165,792,1706,1265,781,0.85,nd,27,186,1252,1520,30,832,18.89,1.9

8,Lalwa,53H-4B10,8.91,1093,53,262,101,50,13,1.75,nd,10,47,133,4.0,26,219,3.91,1.7

9,Mandokla,53H-4AP5,8.92,2765,79,315,549,250,11,3.05,nd,18,97,480,9.0,27,444,9.91,-1.1

10,Lakhnaka,53H-4AP4,8.74,4700,66,188,1035,600,25,4.55,nd,59,102,875,5.0,24,567,16.00,-6.0

1,Maharauli,53B1D2,7.4,525,0,263,28,1,21,0.09,nd,59,21,17,1.2,23,235,0.48,-0.4

2,Khera,53B-1D3,7.83,910,0,359,63,10,88,0.19,0.24,82,47,28,4,25,399,0.61,-2.1

3,Dharampur,53B-1D1,7.73,690,0,287,56,0,46,0.25,0.015,63,33,23,1.1,20,294,0.58,-1.2

4,Kakar Majra,53F-3A10,7.3,1410,0,454,119,85,118,0.59,nd,39,74,149,1.6,22,402,3.23,-0.6

5,Patwi,53B-3D2,7.26,2590,0,610,372,240,133,0.58,nd,47,103,361,3.5,22,500,6.75,-0.8

1,Shimla Maulana,53C-3DP6,8.04,770,0,326,61,49,0,0.74,0.026,51,47,41,6,24,320,1.00,-1.1

2,Babail,53G-3AP3,8.40,511,12,206,32,33,0,1.23,0.037,30,24,43,2.9,17,176,1.42,0.3

3,Sonali Khurd,,8.02,970,0,308,18,224,0,0.72,0.033,53,33,115,3.2,20,267,3.06,-0.3

4,Nimbri,,8.14,1507,0,580,46,300,25,0.61,0.033,77,89,147,8.7,25,559,2.71,-1.7

5,Israna,53C-3DP2,8.17,2885,0,743,303,344,113,3.29,0.022,39,32,585,29,21,229,16.82,7.6

6,Khalila Majra,53C-3C6,8.21,2462,0,864,111,456,2.4,2.65,0.04,36,39,520,5.7,21,251,14.30,9.2

7,Seenk,53C-3CP2,8.29,777,0,405,11,58,25,2,0.097,32,30,98,17,19,203,2.99,2.6

8,Urlana Kalan,53C-3CA5,7.94,1920,0,562,196,224,50,1.05,0.037,96,75,185,69,24,549,3.44,-1.7

9,Lohari,53C-3DP8,8.55,3600,30,1015,228,624,19,5.95,0.06,15,6.4,860,6.5,14,64,46.85,16.4

10,Untila,53C-3D1,8.22,1582,0,465,107,270,8,1.41,0.033,40,47,250,5,17,293,6.35,1.8

11,Karhans,53G-4AP7,8.09,582,0,302,23,25,6.1,1,0.037,47,25,41,5.1,26,219,1.20,0.5

12,Dikalda,53G-4AP4,8.45,931,12,338,28,156,0,1.19,0.058,19,9,195,2.7,17,85,9.23,4.3

13,Hathwala,53G-4AP6,8.15,460,0,242,7.1,35,0,0.75,0.026,26,19,47,3.4,18,144,1.71,1.1

14,Bilaspur,53G-4A4,7.96,785,0,223,125,15,0.07,0.49,0.04,72,39,18,5.1,22,341,0.42,-3.1

15,Tajpur,53G-3AP1,8.36,687,6,350,12,50,7.1,0.89,0.026,30,23,96,2.5,18,171,3.21,2.5

16,Khalila Pehlad,53C-3DP5,8.89,1107,65,417,28,48,11,3.38,0.022,13,12,225,3.7,21,80,10.82,7.4

17,Naraina,,8.06,550,0,115,69,44,5.6,2.4,0.011,26,18,52,3.3,13,139,1.92,-0.9

1,Koshali,53D-3B9,8.4,4954,118,574,751,1000,15,1.62,0.07,51,152,932,8,29,755,14.78,-1.7

2,Bohu,53D-3B1,8.52,2332,82,574,119,460,20,0.96,0.025,20,45,433,63,28,235,12.29,7.4

4,Mandala,53D-4BP4,8.13,825,0,263,108,75,50,0.71,nd,39,19,140,6,18,176,4.60,0.8

5,Nangal Jamalpur,,7.89,1482,0,191,211,170,148,0.21,0.004,63,71,138,2.6,20,451,2.83,-5.9

6,Karanwas,53D-4C6,8.29,1470,0,616,190,36,25,0.76,0.012,31,91,174,2.4,19,451,3.56,1.1

7,Bawal,53D-4C2,8.13,1650,0,359,232,160,133,0.32,nd,39,129,123,4.2,22,627,2.14,-6.7

8,Balawas,44P-1D5,8.14,5040,0,825,884,800,96,1.36,0.022,35,100,1080,5,22,500,21.04,3.5

9,Sangwari,53D-4C8,8.3,1690,0,371,260,220,20,1.05,nd,39,31,319,3.5,21,225,9.26,1.6

1,Rohtak,53D-1C1,8.70,1720,42,146,77,605,0.9,4.18,nd,36,67,267,4.8,14,365,6.08,-3.5

2,Lakhan Majra,53C-4B6,8.57,1871,30,171,409,196,14,0.65,0.08,48,86,195,71,26,475,3.90,-5.7

3,Nidana,53D-1A1,9.30,3653,132,787,128,890,125,8.11,0.07,12,11,941,5.8,13,75,47.21,15.8

4,Meham,53D-1B2,8.62,985,30,116,219,48,8.7,0.3,nd,24,64,70,36,28,325,1.69,-3.6

5,Madina,53D-1B3,8.77,5254,48,281,803,680,695,0.56,nd,24,178,456,736,21,790,7.05,-9.6

6,Samargopalpur,53D-1C4,8.50,2980,30,513,712,28,36,0.53,1.06,56,151,206,280,45,760,3.25,-5.8

7,Sampla,53D-1D2,8.98,2255,72,482,438,0.4,53,1.06,nd,12,64,261,258,18,295,6.63,4.4

8,Kansala,53D-1D8,9.27,2516,120,506,281,312,21,8.05,0.02,10,49,528,3.2,20,225,15.26,7.8

9,Hassangarh,53D-1D10,8.87,764,42,201,73,48,9.6,0.78,nd,14,52,47,41,19,250,1.30,-0.3

10,Bhalund,53C-1C8,8.69,768,30,159,37,176,3.2,0.35,nd,22,22,125,1.5,28,145,4.51,0.7

11,Bhalaut,53D-1C5,8.29,1785,0,244,325,230,23,0.65,nd,44,45,288,4.5,28,295,7.30,-1.9

12,Jasia,53C-4C2,7.58,5443,0,220,1132,820,620,0.63,nd,168,463,285,157,24,2327,2.57,-42.9

13,Kharawar,53D-1C3,8.95,686,54,232,20,68,0.2,0.7,nd,10,27,115,0.8,22,135,4.29,2.9

1,Dabwali,44K-1C1,8.05,3680,0,109,477,975,31,0.18,0.05,124,143,192,389,4,896,2.79,-16.2

2,Goriwala,44K-IC5,8.08,2798,0,411,323,640,19,1.67,0.06,87,75,427,24,29,525,8.10,-3.8

3,Teja Khera,44K-IC6,8.29,320,0,109,7,125,30,0.2,0.06,36,35,6.7,2.8,2.6,237,0.19,-2.9

4,Mangala,44K-3DP6,8.67,1205,24,242,119,280,2.5,0.77,0.08,29,35,224,5,15,216,6.63,0.4

5,Mamar Khera,44K-2CP2,8.63,955,24,242,112,105,22,0.24,0.88,37,25,59,160,18,196,1.84,0.9

6,Mangiana,44K-1D1,8.35,1135,24,230,126,230,4.9,0.36,0.05,33,45,102,128,15,268,2.71,-0.8

7,Nuhianwali,44K-1D6,8.95,3525,95,544,562,520,47,1.26,0.06,25,128,616,20,30,587,11.04,0.3

8,Bhurtawala,44K-3DP2,8.5,420,24,109,14,135,1.1,0.76,0.05,49,30,20,5,14,247,0.56,-2.3

9,Sakta Khera,44K-1C2,8.39,8785,4,121,1369,2000,382,0.44,0.05,62,183,1589,121,18,906,22.95,-16.0

10,Siri Jiwan Nagar,44K-2C2A,8.97,1385,65,392,77,260,7.9,0.76,0.11,29,58,233,12,17,309,5.75,2.4

11,Rasila Khera,44K-2D1,8.92,1195,59,338,105,210,29,2.93,0.07,12,50,245,6.6,25,237,6.94,2.8

12,Panniwala Mota,44K-2D5,8.45,455,24,145,21,90,5.9,0.47,0.06,33,26,19,46,16,196,0.60,-0.6

13,Phagu,44O-2AP6,7.97,21960,0,157,5088,7400,1.2,0.36,0.05,552,826,4775,57,20,4779,30.06,-92.9

14,Kalanwali,44K-1DP3,8.47,270,24,36,70,21,0,0.08,0.05,29,25,5,4.4,16,176,0.16,-2.1

15,Karamsana,44K-3C4,8.17,3225,0,290,526,680,27,2.96,0.06,103,133,420,13,19,803,6.44,-11.3

16,Mithri,44K-1DP1,8.37,4010,24,314,421,1150,98,2.04,0.06,66,90,765,11,15,536,14.39,-4.7

17,Rori,44O-2A1,7.94,370,0,181,14,105,0.86,1.67,0.04,41,28,18,23,12,216,0.53,-1.4

18,Kashi Ram Ka Was,44K-3C3,8.03,3230,0,266,477,825,23,0.94,0.05,272,43,430,16,15,855,6.39,-12.7

19,Ding,44O-3B5,8.49,4185,30,477,372,1200,24,2.67,0.07,49,63,846,17,18,381,18.85,1.2

20,Gigorani,44O-3A2,8.17,5440,0,193,779,1650,25,1.69,0.06,185,188,800,68,13,1236,9.90,-21.5

21,Sherpura,44O-3A6,8.54,9880,18,224,1348,2700,25,4.23,0.09,177,203,1714,20,14,1277,20.87,-21.3

22,Chormar,44K-1D3,9.08,1440,71,459,56,250,1.9,10.8,0.07,8.2,28,336,5,10,134,12.55,7.2

23,Odhan,44K-1D3,8.33,1975,36,326,147,420,89,6.59,0.07,37,45,364,9,16,278,9.51,1.0

24,Ghusiana,44O-3A3,8.71,755,36,145,49,165,7,1.42,0.06,45,40,64,6.7,16,278,1.67,-2.0

25,Jamal,44K-3D2,8.56,8210,48,193,1320,2100,18,0.48,1.88,461,283,908,26,3.9,2318,8.21,-41.5

26,Kaluana,44K-2C5,8.18,2761,0,109,147,1250,21,0.99,0.05,173,130,300,12,25,968,4.20,-17.5

27,Taruana,44O-2A3,8.91,1275,48,363,161,80,2.7,0.23,0.05,16,65,64,192,18,309,1.59,1.4

28,Goriwala,44K-IC5,8.5,715,30,139,35,180,20,0.86,0.05,49,50,41,6.7,14,330,0.98,-3.3

29,Shergarh,,8.38,2115,48,411,246,390,12,1.1,0.06,66,165,104,90,24,845,1.56,-8.5

1,Jakhauli,53H-1AP6,7.83,1431,0,393,127,232,30,0.16,0.026,70,83,118,7.6,23,517,2.26,-3.9

2,Manauli,53H-1AP7,8.14,532,0,254,8.9,52,0.4,1.5,0.043,17,7.8,95,3,17,75,4.79,2.7

3,Shahpur,53C-3D2,7.98,643,0,338,12,43,15,0.94,0.033,47,35,42,5.1,18,261,1.13,0.3

4,Pugthala,53C-4DP7,7.53,1138,0,592,57,50,14,0.34,0.037,79,70,69,6.3,28,485,1.36,0.0

5,Mundalana,53C-4D5,8.40,1853,12,761,71,200,24,7.8,0.017,8.6,0,460,2.8,13,22,43.20,12.4

6,Jagsi,53C-4C6,8.15,2507,0,544,324,364,24,2.04,0.014,47,79,410,6.4,20,442,8.48,0.1

7,Butana,53C-4C5,7.86,4032,0,604,606,620,108,1.11,0.033,102,114,640,9.6,24,724,10.35,-4.6

8,Garhwal,53C-4C12,8.08,1604,0,502,121,215,4.5,1.94,0.08,47,43,245,9.1,19,293,6.21,2.3

9,Bhunderi,53C-4C13,7.98,1759,0,489,178,164,5.5,0.12,2.91,89,32,215,9.4,15,357,4.97,0.9

10,Ahulana,53C-4C10,7.57,5444,0,574,1090,650,103,0.27,0.15,162,163,720,160,28,1076,9.55,-12.1

11,Mahra,53C-4C14,7.85,1164,0,502,111,39,1.7,0.72,0.04,53,58,97,34,23,373,2.19,0.8

12,Rukhi,53C-4C7,8.00,2528,0,369,442,340,6.7,1.59,0.033,83,93,335,8.3,17,591,6.00,-5.7

13,Bhainswal Kalan,53C-4D3,7.92,1100,0,538,46,82,2,1.33,0.033,81,58,70,6.2,24,442,1.45,0.0

14,Farmana,53D-1D6,8.29,4278,0,1239,698,208,11,0.32,1.72,139,102,535,255,38,767,8.41,5.0

15,Sisanah,53D-1D1,8.11,2018,0,572,182,310,16,0.87,0.113,79,80,138,190,17,527,2.62,-1.1

16,Rohat,53D-1D5,8.15,3332,0,1196,253,332,8.7,0.73,0.033,40,25,430,470,16,203,13.14,15.5

17,Nahri,53H-1A7,7.37,908,0,417,82,15,3.2,0.22,0.0517,79,28,64,27,22,314,1.58,0.6

18,Rathdhana,53H-1AP9,7.80,1714,0,695,89,208,26,0.6,0.0307,70,69,225,7.8,24,458,4.57,2.2

19,Kheora,53H-1AP1,8.21,711,0,362,12,40,16,1.92,0.0407,21,13,122,3.3,18,107,5.16,3.8

20,Murthal,53G-4AP12,8.01,1508,0,465,107,192,23,0.96,0.04,49,48,206,6,20,320,5.01,1.2

21,Datuli,53G-4AP10,8.29,1432,0,405,64,232,1.6,0.4,0.0407,17,34,230,5.4,26,181,7.41,3.0

22,Purkhas,53C-4DP8,7.87,6732,0,398,912,1640,198,0.47,0.011,124,205,1080,16,20,1151,13.84,-16.5

23,Machhri,53C-4D1,7.78,706,0,296,25,60,6.2,0.3,0.022,60,36,25,4.5,14,298,0.63,-1.1

24,Pinana,53C4D13,8.11,5572,0,1425,834,390,68,1.76,0.196,77,122,693,500,21,693,11.44,9.5

25,Lath,53C-4D2,7.92,880,0,326,55,78,18,1.33,0.033,62,30,79,3.1,12,277,2.06,-0.2

26,Khanpur Kalan,53C-4DP5,8.07,2219,0,398,296,305,9.4,1.68,0.011,98,26,345,1.8,17,352,8.01,-0.5

1,Sadhura,53F-3AP3,8.39,934,46,314,112,0,36,0.47,0.03,16,38,124,46,23,194,3.85,2.8

2,Rasulpur,53F-3A5,8.22,644,0,154,54,140,0.0,0.2,0.03,39,31,60,1.4,22,225,1.74,-2.0

3,Sabri,53F-3A9,8.39,454,13,214,7.2,19,0.2,0.13,0.05,19,17,50,2,22,117,2.01,1.6

4,Bilaspur,53F-3B1,8.48,494,13,160,40,34,27,0.37,0.04,19,20.0,61,1,30,133,2.33,0.5

5,Khijrabad,53F-3B6,8.46,321,13,147,11,0,11,0.13,0.02,43,4,18,3.3,19,122,0.70,0.4

6,Choli,53F-3B7,8.78,1858,79,347,239,50,143,0.4,0.03,12,60,247,81,28,276,6.46,2.8

7,Mustafabad,53F-4A7,8.74,1557,33,234,289,101,2.0,0.48,0.02,17,41,189,131,5.1,214,5.66,0.7

8,Amdalpur,53F-4B3,8.88,643,39,234,11,29,22,0.13,0.03,10,16,13,159,30,92,0.59,3.3

9,Shadipur,53F-4B5,8.3,457,0,154,14,96,0.0,0.45,0.03,37,26,18,7,15,199,0.55,-1.5

10,Sadhura Pz,53F-3AP3,8.3,285,0,114,14,29,14,0.2,0.02,29,12,14,3.1,15,122,0.55,-0.6

11,Radaur,53F4AP3S,8.48,331,13,127,29,10,0.0,0.42,0.02,31,13,19,4,27,133,0.72,-0.1

12,Dhaurang,53F-4A3,8.6,414,13,194,18,14,12,0.26,0.02,14,30,32,4.6,26,158,1.11,0.4

13,Jiwakheri,53F-4AP7,8.7,536,39,180,11,38,0.0,0.42,0.02,16,27,53,7.7,27,148,1.88,1.2

14,Mustafabad,53F-4A7,8.69,1031,33,180,155,75,0.0,0.42,0.03,19,27,157,9.8,15,158,5.43,0.9

16,Naggal,53F-4BP4,8.57,304,6.6,134,11.0,18,0.7,0.4,0.04,41,10.0,5,2.2,13,143,0.163,-0.5

